Tweet id,Tweet permalink,Tweet text,time,impressions,engagements,retweets,replies,likes,user profile clicks,url clicks,follows
1,"https://x.com/example/status/1001","TypeScriptの型テクニックについて実践してみた結果をまとめました #副業 #1",2026-06-26 23:36:00,4234,70,10,3,42,7,3,3
2,"https://x.com/example/status/1002","副業の始め方について実践してみた結果をまとめました #朝活 #2",2026-06-23 04:56:00,1821,147,22,7,88,14,7,1
3,"https://x.com/example/status/1003","Xでの発信術について実践してみた結果をまとめました #AI #3",2026-06-19 12:28:00,1894,88,13,4,52,8,4,2
4,"https://x.com/example/status/1004","朝活の習慣化について実践してみた結果をまとめました #フリーランス #4",2026-06-02 09:26:00,756,87,13,4,52,8,4,3
5,"https://x.com/example/status/1005","AIツール活用法について実践してみた結果をまとめました #React #5",2026-06-12 08:38:00,3032,87,13,4,52,8,4,0
6,"https://x.com/example/status/1006","フリーランスの働き方について実践してみた結果をまとめました #プログラミング #6",2026-06-02 08:32:00,383,23,3,1,13,2,1,2
7,"https://x.com/example/status/1007","読書メモについて実践してみた結果をまとめました #副業 #7",2026-06-11 22:41:00,3727,419,62,20,251,41,20,0
8,"https://x.com/example/status/1008","React開発のTipsについて実践してみた結果をまとめました #朝活 #8",2026-06-21 11:44:00,1065,65,9,3,39,6,3,3
9,"https://x.com/example/status/1009","TypeScriptの型テクニックについて実践してみた結果をまとめました #AI #9",2026-06-26 16:50:00,241,27,4,1,16,2,1,4
10,"https://x.com/example/status/1010","副業の始め方について実践してみた結果をまとめました #フリーランス #10",2026-06-18 17:49:00,3167,227,34,11,136,22,11,1
11,"https://x.com/example/status/1011","Xでの発信術について実践してみた結果をまとめました #React #11",2026-06-11 23:48:00,4943,561,84,28,336,56,28,3
12,"https://x.com/example/status/1012","朝活の習慣化について実践してみた結果をまとめました #プログラミング #12",2026-06-08 05:25:00,3779,221,33,11,132,22,11,2
13,"https://x.com/example/status/1013","AIツール活用法について実践してみた結果をまとめました #副業 #13",2026-06-18 22:47:00,4885,388,58,19,232,38,19,3
14,"https://x.com/example/status/1014","フリーランスの働き方について実践してみた結果をまとめました #朝活 #14",2026-06-04 14:43:00,2082,132,19,6,79,13,6,1
15,"https://x.com/example/status/1015","読書メモについて実践してみた結果をまとめました #AI #15",2026-06-06 14:27:00,265,27,4,1,16,2,1,4
16,"https://x.com/example/status/1016","React開発のTipsについて実践してみた結果をまとめました #フリーランス #16",2026-06-11 00:00:00,3270,252,37,12,151,25,12,1
17,"https://x.com/example/status/1017","TypeScriptの型テクニックについて実践してみた結果をまとめました #React #17",2026-06-15 10:32:00,1583,155,23,7,93,15,7,2
18,"https://x.com/example/status/1018","副業の始め方について実践してみた結果をまとめました #プログラミング #18",2026-06-05 23:19:00,4872,122,18,6,73,12,6,2
19,"https://x.com/example/status/1019","Xでの発信術について実践してみた結果をまとめました #副業 #19",2026-06-13 11:23:00,4311,163,24,8,97,16,8,0
20,"https://x.com/example/status/1020","朝活の習慣化について実践してみた結果をまとめました #朝活 #20",2026-06-22 22:06:00,2635,82,12,4,49,8,4,4
21,"https://x.com/example/status/1021","AIツール活用法について実践してみた結果をまとめました #AI #21",2026-06-16 11:59:00,543,67,10,3,40,6,3,0
22,"https://x.com/example/status/1022","フリーランスの働き方について実践してみた結果をまとめました #フリーランス #22",2026-06-14 12:49:00,4580,235,35,11,141,23,11,4
23,"https://x.com/example/status/1023","読書メモについて実践してみた結果をまとめました #React #23",2026-06-21 23:08:00,1578,176,26,8,105,17,8,0
24,"https://x.com/example/status/1024","React開発のTipsについて実践してみた結果をまとめました #プログラミング #24",2026-06-05 13:13:00,1674,164,24,8,98,16,8,2
25,"https://x.com/example/status/1025","TypeScriptの型テクニックについて実践してみた結果をまとめました #副業 #25",2026-06-18 02:29:00,3940,226,33,11,135,22,11,1
26,"https://x.com/example/status/1026","副業の始め方について実践してみた結果をまとめました #朝活 #26",2026-06-04 08:20:00,1091,127,19,6,76,12,6,1
27,"https://x.com/example/status/1027","Xでの発信術について実践してみた結果をまとめました #AI #27",2026-06-11 15:54:00,4486,137,20,6,82,13,6,1
28,"https://x.com/example/status/1028","朝活の習慣化について実践してみた結果をまとめました #フリーランス #28",2026-06-09 11:54:00,1717,216,32,10,129,21,10,0
29,"https://x.com/example/status/1029","AIツール活用法について実践してみた結果をまとめました #React #29",2026-06-23 16:40:00,3861,147,22,7,88,14,7,1
30,"https://x.com/example/status/1030","フリーランスの働き方について実践してみた結果をまとめました #プログラミング #30",2026-06-28 20:19:00,1664,168,25,8,100,16,8,4
31,"https://x.com/example/status/1031","読書メモについて実践してみた結果をまとめました #副業 #31",2026-06-06 03:30:00,3934,393,58,19,235,39,19,4
32,"https://x.com/example/status/1032","React開発のTipsについて実践してみた結果をまとめました #朝活 #32",2026-06-17 13:58:00,1884,133,19,6,79,13,6,0
33,"https://x.com/example/status/1033","TypeScriptの型テクニックについて実践してみた結果をまとめました #AI #33",2026-06-16 00:38:00,4654,388,58,19,232,38,19,3
34,"https://x.com/example/status/1034","副業の始め方について実践してみた結果をまとめました #フリーランス #34",2026-06-13 04:24:00,3309,310,46,15,186,31,15,0
35,"https://x.com/example/status/1035","Xでの発信術について実践してみた結果をまとめました #React #35",2026-06-07 16:21:00,1450,148,22,7,88,14,7,3
36,"https://x.com/example/status/1036","朝活の習慣化について実践してみた結果をまとめました #プログラミング #36",2026-06-01 15:00:00,3822,328,49,16,196,32,16,2
37,"https://x.com/example/status/1037","AIツール活用法について実践してみた結果をまとめました #副業 #37",2026-06-12 14:52:00,4644,543,81,27,325,54,27,3
38,"https://x.com/example/status/1038","フリーランスの働き方について実践してみた結果をまとめました #朝活 #38",2026-06-01 00:22:00,1504,104,15,5,62,10,5,2
39,"https://x.com/example/status/1039","読書メモについて実践してみた結果をまとめました #AI #39",2026-06-26 07:11:00,3480,136,20,6,81,13,6,2
40,"https://x.com/example/status/1040","React開発のTipsについて実践してみた結果をまとめました #フリーランス #40",2026-06-07 08:13:00,3013,30,4,1,18,3,1,1
41,"https://x.com/example/status/1041","TypeScriptの型テクニックについて実践してみた結果をまとめました #React #41",2026-06-20 22:52:00,5059,350,52,17,210,35,17,4
42,"https://x.com/example/status/1042","副業の始め方について実践してみた結果をまとめました #プログラミング #42",2026-06-01 23:09:00,2822,251,37,12,150,25,12,1
43,"https://x.com/example/status/1043","Xでの発信術について実践してみた結果をまとめました #副業 #43",2026-06-25 07:34:00,5121,62,9,3,37,6,3,1
44,"https://x.com/example/status/1044","朝活の習慣化について実践してみた結果をまとめました #朝活 #44",2026-06-04 13:52:00,3068,354,53,17,212,35,17,1
45,"https://x.com/example/status/1045","AIツール活用法について実践してみた結果をまとめました #AI #45",2026-06-05 23:28:00,1788,144,21,7,86,14,7,0
46,"https://x.com/example/status/1046","フリーランスの働き方について実践してみた結果をまとめました #フリーランス #46",2026-06-16 19:52:00,1501,85,12,4,51,8,4,4
47,"https://x.com/example/status/1047","読書メモについて実践してみた結果をまとめました #React #47",2026-06-17 20:37:00,3837,313,46,15,187,31,15,2
48,"https://x.com/example/status/1048","React開発のTipsについて実践してみた結果をまとめました #プログラミング #48",2026-06-20 06:32:00,1973,208,31,10,124,20,10,1
49,"https://x.com/example/status/1049","TypeScriptの型テクニックについて実践してみた結果をまとめました #副業 #49",2026-06-16 16:26:00,3908,430,64,21,258,43,21,2
50,"https://x.com/example/status/1050","副業の始め方について実践してみた結果をまとめました #朝活 #50",2026-06-22 10:54:00,1282,16,2,0,9,1,0,3
51,"https://x.com/example/status/1051","Xでの発信術について実践してみた結果をまとめました #AI #51",2026-06-27 06:28:00,3127,251,37,12,150,25,12,4
52,"https://x.com/example/status/1052","朝活の習慣化について実践してみた結果をまとめました #フリーランス #52",2026-06-15 07:42:00,4296,47,7,2,28,4,2,0
53,"https://x.com/example/status/1053","AIツール活用法について実践してみた結果をまとめました #React #53",2026-06-11 18:49:00,4366,313,46,15,187,31,15,2
54,"https://x.com/example/status/1054","フリーランスの働き方について実践してみた結果をまとめました #プログラミング #54",2026-06-02 15:04:00,4113,351,52,17,210,35,17,2
55,"https://x.com/example/status/1055","読書メモについて実践してみた結果をまとめました #副業 #55",2026-06-11 17:23:00,1786,147,22,7,88,14,7,4
56,"https://x.com/example/status/1056","React開発のTipsについて実践してみた結果をまとめました #朝活 #56",2026-06-10 23:21:00,2757,109,16,5,65,10,5,4
57,"https://x.com/example/status/1057","TypeScriptの型テクニックについて実践してみた結果をまとめました #AI #57",2026-06-06 03:30:00,3985,397,59,19,238,39,19,0
58,"https://x.com/example/status/1058","副業の始め方について実践してみた結果をまとめました #フリーランス #58",2026-06-04 16:58:00,2082,159,23,7,95,15,7,2
59,"https://x.com/example/status/1059","Xでの発信術について実践してみた結果をまとめました #React #59",2026-06-26 02:36:00,398,44,6,2,26,4,2,4
60,"https://x.com/example/status/1060","朝活の習慣化について実践してみた結果をまとめました #プログラミング #60",2026-06-07 22:30:00,4511,172,25,8,103,17,8,2
61,"https://x.com/example/status/1061","AIツール活用法について実践してみた結果をまとめました #副業 #61",2026-06-11 04:12:00,863,75,11,3,45,7,3,0
62,"https://x.com/example/status/1062","フリーランスの働き方について実践してみた結果をまとめました #朝活 #62",2026-06-07 07:45:00,3511,252,37,12,151,25,12,3
63,"https://x.com/example/status/1063","読書メモについて実践してみた結果をまとめました #AI #63",2026-06-20 14:55:00,3305,347,52,17,208,34,17,4
64,"https://x.com/example/status/1064","React開発のTipsについて実践してみた結果をまとめました #フリーランス #64",2026-06-19 19:32:00,5171,574,86,28,344,57,28,3
65,"https://x.com/example/status/1065","TypeScriptの型テクニックについて実践してみた結果をまとめました #React #65",2026-06-28 02:19:00,1728,181,27,9,108,18,9,0
66,"https://x.com/example/status/1066","副業の始め方について実践してみた結果をまとめました #プログラミング #66",2026-06-10 10:31:00,753,70,10,3,42,7,3,0
67,"https://x.com/example/status/1067","Xでの発信術について実践してみた結果をまとめました #副業 #67",2026-06-11 22:43:00,881,38,5,1,22,3,1,3
68,"https://x.com/example/status/1068","朝活の習慣化について実践してみた結果をまとめました #朝活 #68",2026-06-10 18:46:00,4856,375,56,18,225,37,18,1
69,"https://x.com/example/status/1069","AIツール活用法について実践してみた結果をまとめました #AI #69",2026-06-16 23:56:00,2633,236,35,11,141,23,11,2
70,"https://x.com/example/status/1070","フリーランスの働き方について実践してみた結果をまとめました #フリーランス #70",2026-06-28 23:51:00,738,42,6,2,25,4,2,2
71,"https://x.com/example/status/1071","読書メモについて実践してみた結果をまとめました #React #71",2026-06-26 04:45:00,1249,138,20,6,82,13,6,4
72,"https://x.com/example/status/1072","React開発のTipsについて実践してみた結果をまとめました #プログラミング #72",2026-06-10 01:49:00,1287,73,10,3,43,7,3,1
73,"https://x.com/example/status/1073","TypeScriptの型テクニックについて実践してみた結果をまとめました #副業 #73",2026-06-26 20:46:00,1262,47,7,2,28,4,2,3
74,"https://x.com/example/status/1074","副業の始め方について実践してみた結果をまとめました #朝活 #74",2026-06-23 02:58:00,1788,137,20,6,82,13,6,2
75,"https://x.com/example/status/1075","Xでの発信術について実践してみた結果をまとめました #AI #75",2026-06-14 16:01:00,4565,189,28,9,113,18,9,3
76,"https://x.com/example/status/1076","朝活の習慣化について実践してみた結果をまとめました #フリーランス #76",2026-06-03 20:21:00,800,54,8,2,32,5,2,3
77,"https://x.com/example/status/1077","AIツール活用法について実践してみた結果をまとめました #React #77",2026-06-28 19:39:00,1149,111,16,5,66,11,5,0
78,"https://x.com/example/status/1078","フリーランスの働き方について実践してみた結果をまとめました #プログラミング #78",2026-06-21 01:09:00,4507,349,52,17,209,34,17,0
79,"https://x.com/example/status/1079","読書メモについて実践してみた結果をまとめました #副業 #79",2026-06-16 20:45:00,749,17,2,0,10,1,0,0
80,"https://x.com/example/status/1080","React開発のTipsについて実践してみた結果をまとめました #朝活 #80",2026-06-01 04:45:00,1729,188,28,9,112,18,9,0
81,"https://x.com/example/status/1081","TypeScriptの型テクニックについて実践してみた結果をまとめました #AI #81",2026-06-13 05:52:00,3084,169,25,8,101,16,8,1
82,"https://x.com/example/status/1082","副業の始め方について実践してみた結果をまとめました #フリーランス #82",2026-06-22 06:19:00,4216,215,32,10,129,21,10,4
83,"https://x.com/example/status/1083","Xでの発信術について実践してみた結果をまとめました #React #83",2026-06-12 10:54:00,4079,345,51,17,207,34,17,4
84,"https://x.com/example/status/1084","朝活の習慣化について実践してみた結果をまとめました #プログラミング #84",2026-06-17 06:17:00,4475,508,76,25,304,50,25,4
85,"https://x.com/example/status/1085","AIツール活用法について実践してみた結果をまとめました #副業 #85",2026-06-23 03:27:00,2675,224,33,11,134,22,11,1
86,"https://x.com/example/status/1086","フリーランスの働き方について実践してみた結果をまとめました #朝活 #86",2026-06-15 07:46:00,1124,52,7,2,31,5,2,3
87,"https://x.com/example/status/1087","読書メモについて実践してみた結果をまとめました #AI #87",2026-06-21 17:34:00,2042,230,34,11,138,23,11,0
88,"https://x.com/example/status/1088","React開発のTipsについて実践してみた結果をまとめました #フリーランス #88",2026-06-12 00:49:00,2726,189,28,9,113,18,9,4
89,"https://x.com/example/status/1089","TypeScriptの型テクニックについて実践してみた結果をまとめました #React #89",2026-06-17 20:18:00,3810,87,13,4,52,8,4,0
90,"https://x.com/example/status/1090","副業の始め方について実践してみた結果をまとめました #プログラミング #90",2026-06-07 05:23:00,2463,191,28,9,114,19,9,4
91,"https://x.com/example/status/1091","Xでの発信術について実践してみた結果をまとめました #副業 #91",2026-06-27 18:51:00,4482,419,62,20,251,41,20,4
92,"https://x.com/example/status/1092","朝活の習慣化について実践してみた結果をまとめました #朝活 #92",2026-06-06 01:23:00,5189,264,39,13,158,26,13,0
93,"https://x.com/example/status/1093","AIツール活用法について実践してみた結果をまとめました #AI #93",2026-06-21 05:44:00,1426,42,6,2,25,4,2,3
94,"https://x.com/example/status/1094","フリーランスの働き方について実践してみた結果をまとめました #フリーランス #94",2026-06-19 12:21:00,1602,106,15,5,63,10,5,3
95,"https://x.com/example/status/1095","読書メモについて実践してみた結果をまとめました #React #95",2026-06-10 13:16:00,1755,48,7,2,28,4,2,1
96,"https://x.com/example/status/1096","React開発のTipsについて実践してみた結果をまとめました #プログラミング #96",2026-06-15 22:08:00,1113,143,21,7,85,14,7,0
97,"https://x.com/example/status/1097","TypeScriptの型テクニックについて実践してみた結果をまとめました #副業 #97",2026-06-08 17:28:00,4874,131,19,6,78,13,6,1
98,"https://x.com/example/status/1098","副業の始め方について実践してみた結果をまとめました #朝活 #98",2026-06-19 22:47:00,2631,32,4,1,19,3,1,4
99,"https://x.com/example/status/1099","Xでの発信術について実践してみた結果をまとめました #AI #99",2026-06-20 04:57:00,3709,244,36,12,146,24,12,4
100,"https://x.com/example/status/1100","朝活の習慣化について実践してみた結果をまとめました #フリーランス #100",2026-06-09 13:55:00,2531,311,46,15,186,31,15,0
101,"https://x.com/example/status/1101","AIツール活用法について実践してみた結果をまとめました #React #101",2026-06-22 05:01:00,452,36,5,1,21,3,1,2
102,"https://x.com/example/status/1102","フリーランスの働き方について実践してみた結果をまとめました #プログラミング #102",2026-06-17 10:16:00,257,15,2,0,9,1,0,3
103,"https://x.com/example/status/1103","読書メモについて実践してみた結果をまとめました #副業 #103",2026-06-24 23:37:00,698,49,7,2,29,4,2,2
104,"https://x.com/example/status/1104","React開発のTipsについて実践してみた結果をまとめました #朝活 #104",2026-06-01 01:36:00,1531,23,3,1,13,2,1,1
105,"https://x.com/example/status/1105","TypeScriptの型テクニックについて実践してみた結果をまとめました #AI #105",2026-06-22 05:39:00,2880,230,34,11,138,23,11,3
106,"https://x.com/example/status/1106","副業の始め方について実践してみた結果をまとめました #フリーランス #106",2026-06-17 17:03:00,204,14,2,0,8,1,0,0
107,"https://x.com/example/status/1107","Xでの発信術について実践してみた結果をまとめました #React #107",2026-06-23 16:22:00,602,9,1,0,5,0,0,0
108,"https://x.com/example/status/1108","朝活の習慣化について実践してみた結果をまとめました #プログラミング #108",2026-06-15 13:26:00,3558,36,5,1,21,3,1,0
109,"https://x.com/example/status/1109","AIツール活用法について実践してみた結果をまとめました #副業 #109",2026-06-08 16:54:00,4347,44,6,2,26,4,2,3
110,"https://x.com/example/status/1110","フリーランスの働き方について実践してみた結果をまとめました #朝活 #110",2026-06-20 21:11:00,1509,24,3,1,14,2,1,3
111,"https://x.com/example/status/1111","読書メモについて実践してみた結果をまとめました #AI #111",2026-06-22 00:33:00,2945,267,40,13,160,26,13,1
112,"https://x.com/example/status/1112","React開発のTipsについて実践してみた結果をまとめました #フリーランス #112",2026-06-22 05:04:00,1312,119,17,5,71,11,5,3
113,"https://x.com/example/status/1113","TypeScriptの型テクニックについて実践してみた結果をまとめました #React #113",2026-06-26 19:03:00,1068,54,8,2,32,5,2,2
114,"https://x.com/example/status/1114","副業の始め方について実践してみた結果をまとめました #プログラミング #114",2026-06-15 17:44:00,3313,368,55,18,220,36,18,2
115,"https://x.com/example/status/1115","Xでの発信術について実践してみた結果をまとめました #副業 #115",2026-06-17 10:37:00,2796,94,14,4,56,9,4,4
116,"https://x.com/example/status/1116","朝活の習慣化について実践してみた結果をまとめました #朝活 #116",2026-06-12 18:26:00,1073,62,9,3,37,6,3,1
117,"https://x.com/example/status/1117","AIツール活用法について実践してみた結果をまとめました #AI #117",2026-06-28 21:18:00,5068,259,38,12,155,25,12,1
118,"https://x.com/example/status/1118","フリーランスの働き方について実践してみた結果をまとめました #フリーランス #118",2026-06-28 15:42:00,2699,126,18,6,75,12,6,1
119,"https://x.com/example/status/1119","読書メモについて実践してみた結果をまとめました #React #119",2026-06-27 17:34:00,4216,290,43,14,174,29,14,0
120,"https://x.com/example/status/1120","React開発のTipsについて実践してみた結果をまとめました #プログラミング #120",2026-06-07 02:11:00,2774,65,9,3,39,6,3,1
121,"https://x.com/example/status/1121","TypeScriptの型テクニックについて実践してみた結果をまとめました #副業 #121",2026-06-12 22:25:00,2649,228,34,11,136,22,11,3
122,"https://x.com/example/status/1122","副業の始め方について実践してみた結果をまとめました #朝活 #122",2026-06-16 13:26:00,5109,449,67,22,269,44,22,1
123,"https://x.com/example/status/1123","Xでの発信術について実践してみた結果をまとめました #AI #123",2026-06-20 22:12:00,3518,350,52,17,210,35,17,4
124,"https://x.com/example/status/1124","朝活の習慣化について実践してみた結果をまとめました #フリーランス #124",2026-06-08 01:50:00,2278,69,10,3,41,6,3,4
125,"https://x.com/example/status/1125","AIツール活用法について実践してみた結果をまとめました #React #125",2026-06-16 04:42:00,4347,117,17,5,70,11,5,2
126,"https://x.com/example/status/1126","フリーランスの働き方について実践してみた結果をまとめました #プログラミング #126",2026-06-15 08:19:00,3355,230,34,11,138,23,11,3
127,"https://x.com/example/status/1127","読書メモについて実践してみた結果をまとめました #副業 #127",2026-06-04 16:10:00,1775,44,6,2,26,4,2,2
128,"https://x.com/example/status/1128","React開発のTipsについて実践してみた結果をまとめました #朝活 #128",2026-06-03 23:52:00,3834,214,32,10,128,21,10,1
129,"https://x.com/example/status/1129","TypeScriptの型テクニックについて実践してみた結果をまとめました #AI #129",2026-06-19 17:00:00,913,66,9,3,39,6,3,2
130,"https://x.com/example/status/1130","副業の始め方について実践してみた結果をまとめました #フリーランス #130",2026-06-07 19:18:00,3560,119,17,5,71,11,5,3
131,"https://x.com/example/status/1131","Xでの発信術について実践してみた結果をまとめました #React #131",2026-06-17 12:18:00,4002,98,14,4,58,9,4,3
132,"https://x.com/example/status/1132","朝活の習慣化について実践してみた結果をまとめました #プログラミング #132",2026-06-21 11:01:00,563,20,3,1,12,2,1,3
133,"https://x.com/example/status/1133","AIツール活用法について実践してみた結果をまとめました #副業 #133",2026-06-08 15:25:00,4462,93,13,4,55,9,4,3
134,"https://x.com/example/status/1134","フリーランスの働き方について実践してみた結果をまとめました #朝活 #134",2026-06-08 09:15:00,5056,108,16,5,64,10,5,1
135,"https://x.com/example/status/1135","読書メモについて実践してみた結果をまとめました #AI #135",2026-06-10 15:06:00,3523,294,44,14,176,29,14,3
136,"https://x.com/example/status/1136","React開発のTipsについて実践してみた結果をまとめました #フリーランス #136",2026-06-06 05:22:00,1371,146,21,7,87,14,7,2
137,"https://x.com/example/status/1137","TypeScriptの型テクニックについて実践してみた結果をまとめました #React #137",2026-06-01 20:16:00,1697,61,9,3,36,6,3,1
138,"https://x.com/example/status/1138","副業の始め方について実践してみた結果をまとめました #プログラミング #138",2026-06-13 08:49:00,1159,140,21,7,84,14,7,4
139,"https://x.com/example/status/1139","Xでの発信術について実践してみた結果をまとめました #副業 #139",2026-06-17 19:58:00,2721,298,44,14,178,29,14,1
140,"https://x.com/example/status/1140","朝活の習慣化について実践してみた結果をまとめました #朝活 #140",2026-06-11 11:41:00,247,28,4,1,16,2,1,4
141,"https://x.com/example/status/1141","AIツール活用法について実践してみた結果をまとめました #AI #141",2026-06-03 15:49:00,4010,373,55,18,223,37,18,1
142,"https://x.com/example/status/1142","フリーランスの働き方について実践してみた結果をまとめました #フリーランス #142",2026-06-21 04:10:00,1108,24,3,1,14,2,1,2
143,"https://x.com/example/status/1143","読書メモについて実践してみた結果をまとめました #React #143",2026-06-09 12:40:00,838,56,8,2,33,5,2,2
144,"https://x.com/example/status/1144","React開発のTipsについて実践してみた結果をまとめました #プログラミング #144",2026-06-08 14:52:00,3915,253,37,12,151,25,12,2
145,"https://x.com/example/status/1145","TypeScriptの型テクニックについて実践してみた結果をまとめました #副業 #145",2026-06-20 18:41:00,3283,102,15,5,61,10,5,1
146,"https://x.com/example/status/1146","副業の始め方について実践してみた結果をまとめました #朝活 #146",2026-06-04 21:56:00,2211,112,16,5,67,11,5,0
147,"https://x.com/example/status/1147","Xでの発信術について実践してみた結果をまとめました #AI #147",2026-06-23 06:50:00,4759,202,30,10,121,20,10,3
148,"https://x.com/example/status/1148","朝活の習慣化について実践してみた結果をまとめました #フリーランス #148",2026-06-24 14:57:00,1999,99,14,4,59,9,4,0
149,"https://x.com/example/status/1149","AIツール活用法について実践してみた結果をまとめました #React #149",2026-06-11 03:39:00,3151,190,28,9,114,19,9,4
150,"https://x.com/example/status/1150","フリーランスの働き方について実践してみた結果をまとめました #プログラミング #150",2026-06-03 03:40:00,4204,519,77,25,311,51,25,3
151,"https://x.com/example/status/1151","読書メモについて実践してみた結果をまとめました #副業 #151",2026-06-08 13:01:00,4708,165,24,8,99,16,8,3
152,"https://x.com/example/status/1152","React開発のTipsについて実践してみた結果をまとめました #朝活 #152",2026-06-26 23:32:00,335,30,4,1,18,3,1,0
153,"https://x.com/example/status/1153","TypeScriptの型テクニックについて実践してみた結果をまとめました #AI #153",2026-06-09 18:54:00,3187,187,28,9,112,18,9,1
154,"https://x.com/example/status/1154","副業の始め方について実践してみた結果をまとめました #フリーランス #154",2026-06-20 08:26:00,4748,447,67,22,268,44,22,0
155,"https://x.com/example/status/1155","Xでの発信術について実践してみた結果をまとめました #React #155",2026-06-03 20:27:00,1531,64,9,3,38,6,3,2
156,"https://x.com/example/status/1156","朝活の習慣化について実践してみた結果をまとめました #プログラミング #156",2026-06-28 11:29:00,3205,59,8,2,35,5,2,3
157,"https://x.com/example/status/1157","AIツール活用法について実践してみた結果をまとめました #副業 #157",2026-06-19 15:18:00,2088,53,7,2,31,5,2,2
158,"https://x.com/example/status/1158","フリーランスの働き方について実践してみた結果をまとめました #朝活 #158",2026-06-07 12:06:00,1593,143,21,7,85,14,7,2
159,"https://x.com/example/status/1159","読書メモについて実践してみた結果をまとめました #AI #159",2026-06-26 20:51:00,4772,608,91,30,364,60,30,1
160,"https://x.com/example/status/1160","React開発のTipsについて実践してみた結果をまとめました #フリーランス #160",2026-06-07 12:44:00,2258,149,22,7,89,14,7,2
161,"https://x.com/example/status/1161","TypeScriptの型テクニックについて実践してみた結果をまとめました #React #161",2026-06-07 02:51:00,1423,48,7,2,28,4,2,3
162,"https://x.com/example/status/1162","副業の始め方について実践してみた結果をまとめました #プログラミング #162",2026-06-11 14:19:00,2660,266,39,13,159,26,13,2
163,"https://x.com/example/status/1163","Xでの発信術について実践してみた結果をまとめました #副業 #163",2026-06-07 11:02:00,4507,241,36,12,144,24,12,1
164,"https://x.com/example/status/1164","朝活の習慣化について実践してみた結果をまとめました #朝活 #164",2026-06-16 01:54:00,4627,270,40,13,162,27,13,4
165,"https://x.com/example/status/1165","AIツール活用法について実践してみた結果をまとめました #AI #165",2026-06-10 09:34:00,5086,246,36,12,147,24,12,2
166,"https://x.com/example/status/1166","フリーランスの働き方について実践してみた結果をまとめました #フリーランス #166",2026-06-22 18:59:00,1897,232,34,11,139,23,11,1
167,"https://x.com/example/status/1167","読書メモについて実践してみた結果をまとめました #React #167",2026-06-10 13:37:00,1282,158,23,7,94,15,7,0
168,"https://x.com/example/status/1168","React開発のTipsについて実践してみた結果をまとめました #プログラミング #168",2026-06-09 13:13:00,554,22,3,1,13,2,1,3
169,"https://x.com/example/status/1169","TypeScriptの型テクニックについて実践してみた結果をまとめました #副業 #169",2026-06-15 23:06:00,1535,170,25,8,102,17,8,3
170,"https://x.com/example/status/1170","副業の始め方について実践してみた結果をまとめました #朝活 #170",2026-06-25 20:35:00,760,48,7,2,28,4,2,2
171,"https://x.com/example/status/1171","Xでの発信術について実践してみた結果をまとめました #AI #171",2026-06-17 19:53:00,1269,20,3,1,12,2,1,4
172,"https://x.com/example/status/1172","朝活の習慣化について実践してみた結果をまとめました #フリーランス #172",2026-06-07 01:41:00,3023,70,10,3,42,7,3,4
173,"https://x.com/example/status/1173","AIツール活用法について実践してみた結果をまとめました #React #173",2026-06-07 20:29:00,3800,331,49,16,198,33,16,4
174,"https://x.com/example/status/1174","フリーランスの働き方について実践してみた結果をまとめました #プログラミング #174",2026-06-25 03:55:00,2545,234,35,11,140,23,11,3
175,"https://x.com/example/status/1175","読書メモについて実践してみた結果をまとめました #副業 #175",2026-06-11 22:56:00,768,25,3,1,15,2,1,1
176,"https://x.com/example/status/1176","React開発のTipsについて実践してみた結果をまとめました #朝活 #176",2026-06-08 09:19:00,481,55,8,2,33,5,2,3
177,"https://x.com/example/status/1177","TypeScriptの型テクニックについて実践してみた結果をまとめました #AI #177",2026-06-25 01:28:00,4260,134,20,6,80,13,6,2
178,"https://x.com/example/status/1178","副業の始め方について実践してみた結果をまとめました #フリーランス #178",2026-06-21 08:19:00,1613,199,29,9,119,19,9,0
179,"https://x.com/example/status/1179","Xでの発信術について実践してみた結果をまとめました #React #179",2026-06-01 07:38:00,3080,302,45,15,181,30,15,3
180,"https://x.com/example/status/1180","朝活の習慣化について実践してみた結果をまとめました #プログラミング #180",2026-06-11 21:49:00,3051,319,47,15,191,31,15,2
181,"https://x.com/example/status/1181","AIツール活用法について実践してみた結果をまとめました #副業 #181",2026-06-03 01:42:00,2273,116,17,5,69,11,5,0
182,"https://x.com/example/status/1182","フリーランスの働き方について実践してみた結果をまとめました #朝活 #182",2026-06-16 00:33:00,3988,423,63,21,253,42,21,2
183,"https://x.com/example/status/1183","読書メモについて実践してみた結果をまとめました #AI #183",2026-06-11 06:29:00,4103,333,49,16,199,33,16,2
184,"https://x.com/example/status/1184","React開発のTipsについて実践してみた結果をまとめました #フリーランス #184",2026-06-05 13:24:00,1117,138,20,6,82,13,6,2
185,"https://x.com/example/status/1185","TypeScriptの型テクニックについて実践してみた結果をまとめました #React #185",2026-06-14 18:55:00,2476,177,26,8,106,17,8,3
186,"https://x.com/example/status/1186","副業の始め方について実践してみた結果をまとめました #プログラミング #186",2026-06-26 06:02:00,2929,277,41,13,166,27,13,1
187,"https://x.com/example/status/1187","Xでの発信術について実践してみた結果をまとめました #副業 #187",2026-06-26 23:18:00,5186,74,11,3,44,7,3,1
188,"https://x.com/example/status/1188","朝活の習慣化について実践してみた結果をまとめました #朝活 #188",2026-06-10 15:46:00,4520,433,64,21,259,43,21,2
189,"https://x.com/example/status/1189","AIツール活用法について実践してみた結果をまとめました #AI #189",2026-06-24 07:14:00,1443,63,9,3,37,6,3,3
190,"https://x.com/example/status/1190","フリーランスの働き方について実践してみた結果をまとめました #フリーランス #190",2026-06-23 17:41:00,1728,192,28,9,115,19,9,3
191,"https://x.com/example/status/1191","読書メモについて実践してみた結果をまとめました #React #191",2026-06-23 21:59:00,1694,124,18,6,74,12,6,0
192,"https://x.com/example/status/1192","React開発のTipsについて実践してみた結果をまとめました #プログラミング #192",2026-06-16 04:26:00,1282,142,21,7,85,14,7,2
193,"https://x.com/example/status/1193","TypeScriptの型テクニックについて実践してみた結果をまとめました #副業 #193",2026-06-23 18:27:00,3208,271,40,13,162,27,13,4
194,"https://x.com/example/status/1194","副業の始め方について実践してみた結果をまとめました #朝活 #194",2026-06-07 18:41:00,4486,514,77,25,308,51,25,2
195,"https://x.com/example/status/1195","Xでの発信術について実践してみた結果をまとめました #AI #195",2026-06-25 14:31:00,3980,58,8,2,34,5,2,1
196,"https://x.com/example/status/1196","朝活の習慣化について実践してみた結果をまとめました #フリーランス #196",2026-06-16 17:19:00,4583,135,20,6,81,13,6,0
197,"https://x.com/example/status/1197","AIツール活用法について実践してみた結果をまとめました #React #197",2026-06-16 08:15:00,752,93,13,4,55,9,4,2
198,"https://x.com/example/status/1198","フリーランスの働き方について実践してみた結果をまとめました #プログラミング #198",2026-06-03 13:00:00,4044,281,42,14,168,28,14,0
199,"https://x.com/example/status/1199","読書メモについて実践してみた結果をまとめました #副業 #199",2026-06-15 05:05:00,1620,57,8,2,34,5,2,2
200,"https://x.com/example/status/1200","React開発のTipsについて実践してみた結果をまとめました #朝活 #200",2026-06-26 16:12:00,4595,400,60,20,240,40,20,4
201,"https://x.com/example/status/1201","TypeScriptの型テクニックについて実践してみた結果をまとめました #AI #201",2026-06-24 14:03:00,2474,32,4,1,19,3,1,0
202,"https://x.com/example/status/1202","副業の始め方について実践してみた結果をまとめました #フリーランス #202",2026-06-27 18:38:00,3383,308,46,15,184,30,15,4
203,"https://x.com/example/status/1203","Xでの発信術について実践してみた結果をまとめました #React #203",2026-06-05 16:30:00,507,65,9,3,39,6,3,0
204,"https://x.com/example/status/1204","朝活の習慣化について実践してみた結果をまとめました #プログラミング #204",2026-06-15 09:23:00,1424,61,9,3,36,6,3,0
205,"https://x.com/example/status/1205","AIツール活用法について実践してみた結果をまとめました #副業 #205",2026-06-22 12:42:00,4329,371,55,18,222,37,18,2
206,"https://x.com/example/status/1206","フリーランスの働き方について実践してみた結果をまとめました #朝活 #206",2026-06-03 12:51:00,2893,274,41,13,164,27,13,3
207,"https://x.com/example/status/1207","読書メモについて実践してみた結果をまとめました #AI #207",2026-06-13 15:37:00,3958,506,75,25,303,50,25,3
208,"https://x.com/example/status/1208","React開発のTipsについて実践してみた結果をまとめました #フリーランス #208",2026-06-04 02:06:00,3119,300,45,15,180,30,15,4
209,"https://x.com/example/status/1209","TypeScriptの型テクニックについて実践してみた結果をまとめました #React #209",2026-06-07 13:43:00,2674,270,40,13,162,27,13,4
210,"https://x.com/example/status/1210","副業の始め方について実践してみた結果をまとめました #プログラミング #210",2026-06-01 00:41:00,4216,507,76,25,304,50,25,3
211,"https://x.com/example/status/1211","Xでの発信術について実践してみた結果をまとめました #副業 #211",2026-06-28 07:57:00,3729,189,28,9,113,18,9,2
212,"https://x.com/example/status/1212","朝活の習慣化について実践してみた結果をまとめました #朝活 #212",2026-06-11 15:49:00,2071,238,35,11,142,23,11,3
213,"https://x.com/example/status/1213","AIツール活用法について実践してみた結果をまとめました #AI #213",2026-06-11 09:23:00,2485,224,33,11,134,22,11,1
214,"https://x.com/example/status/1214","フリーランスの働き方について実践してみた結果をまとめました #フリーランス #214",2026-06-28 07:44:00,4738,372,55,18,223,37,18,1
215,"https://x.com/example/status/1215","読書メモについて実践してみた結果をまとめました #React #215",2026-06-08 17:25:00,1329,141,21,7,84,14,7,3
216,"https://x.com/example/status/1216","React開発のTipsについて実践してみた結果をまとめました #プログラミング #216",2026-06-23 09:22:00,1003,68,10,3,40,6,3,0
217,"https://x.com/example/status/1217","TypeScriptの型テクニックについて実践してみた結果をまとめました #副業 #217",2026-06-03 08:49:00,1265,51,7,2,30,5,2,1
218,"https://x.com/example/status/1218","副業の始め方について実践してみた結果をまとめました #朝活 #218",2026-06-15 15:57:00,5118,501,75,25,300,50,25,4
219,"https://x.com/example/status/1219","Xでの発信術について実践してみた結果をまとめました #AI #219",2026-06-01 17:33:00,4530,420,63,21,252,42,21,0
220,"https://x.com/example/status/1220","朝活の習慣化について実践してみた結果をまとめました #フリーランス #220",2026-06-02 07:17:00,4788,288,43,14,172,28,14,3
221,"https://x.com/example/status/1221","AIツール活用法について実践してみた結果をまとめました #React #221",2026-06-12 21:25:00,3203,139,20,6,83,13,6,4
222,"https://x.com/example/status/1222","フリーランスの働き方について実践してみた結果をまとめました #プログラミング #222",2026-06-20 06:04:00,4653,583,87,29,349,58,29,3
223,"https://x.com/example/status/1223","読書メモについて実践してみた結果をまとめました #副業 #223",2026-06-25 08:22:00,1519,71,10,3,42,7,3,4
224,"https://x.com/example/status/1224","React開発のTipsについて実践してみた結果をまとめました #朝活 #224",2026-06-08 05:00:00,1936,131,19,6,78,13,6,4
225,"https://x.com/example/status/1225","TypeScriptの型テクニックについて実践してみた結果をまとめました #AI #225",2026-06-19 18:54:00,1433,19,2,0,11,1,0,1
226,"https://x.com/example/status/1226","副業の始め方について実践してみた結果をまとめました #フリーランス #226",2026-06-26 23:30:00,1686,116,17,5,69,11,5,1
227,"https://x.com/example/status/1227","Xでの発信術について実践してみた結果をまとめました #React #227",2026-06-04 06:58:00,1317,128,19,6,76,12,6,0
228,"https://x.com/example/status/1228","朝活の習慣化について実践してみた結果をまとめました #プログラミング #228",2026-06-14 16:12:00,2440,80,12,4,48,8,4,2
229,"https://x.com/example/status/1229","AIツール活用法について実践してみた結果をまとめました #副業 #229",2026-06-09 01:56:00,2816,209,31,10,125,20,10,2
230,"https://x.com/example/status/1230","フリーランスの働き方について実践してみた結果をまとめました #朝活 #230",2026-06-18 20:01:00,1407,137,20,6,82,13,6,2
231,"https://x.com/example/status/1231","読書メモについて実践してみた結果をまとめました #AI #231",2026-06-05 17:10:00,4792,354,53,17,212,35,17,3
232,"https://x.com/example/status/1232","React開発のTipsについて実践してみた結果をまとめました #フリーランス #232",2026-06-03 04:08:00,1162,128,19,6,76,12,6,0
233,"https://x.com/example/status/1233","TypeScriptの型テクニックについて実践してみた結果をまとめました #React #233",2026-06-08 14:32:00,3574,202,30,10,121,20,10,3
234,"https://x.com/example/status/1234","副業の始め方について実践してみた結果をまとめました #プログラミング #234",2026-06-06 14:29:00,4074,300,45,15,180,30,15,4
235,"https://x.com/example/status/1235","Xでの発信術について実践してみた結果をまとめました #副業 #235",2026-06-02 03:29:00,3281,407,61,20,244,40,20,1
236,"https://x.com/example/status/1236","朝活の習慣化について実践してみた結果をまとめました #朝活 #236",2026-06-14 23:47:00,2093,113,16,5,67,11,5,2
237,"https://x.com/example/status/1237","AIツール活用法について実践してみた結果をまとめました #AI #237",2026-06-13 08:19:00,1595,198,29,9,118,19,9,0
238,"https://x.com/example/status/1238","フリーランスの働き方について実践してみた結果をまとめました #フリーランス #238",2026-06-08 04:13:00,4231,351,52,17,210,35,17,3
239,"https://x.com/example/status/1239","読書メモについて実践してみた結果をまとめました #React #239",2026-06-06 01:14:00,554,27,4,1,16,2,1,2
240,"https://x.com/example/status/1240","React開発のTipsについて実践してみた結果をまとめました #プログラミング #240",2026-06-13 03:06:00,3383,74,11,3,44,7,3,2
241,"https://x.com/example/status/1241","TypeScriptの型テクニックについて実践してみた結果をまとめました #副業 #241",2026-06-21 03:41:00,1486,146,21,7,87,14,7,4
242,"https://x.com/example/status/1242","副業の始め方について実践してみた結果をまとめました #朝活 #242",2026-06-17 18:47:00,956,122,18,6,73,12,6,4
243,"https://x.com/example/status/1243","Xでの発信術について実践してみた結果をまとめました #AI #243",2026-06-13 20:25:00,3743,430,64,21,258,43,21,2
244,"https://x.com/example/status/1244","朝活の習慣化について実践してみた結果をまとめました #フリーランス #244",2026-06-18 18:16:00,1834,122,18,6,73,12,6,3
245,"https://x.com/example/status/1245","AIツール活用法について実践してみた結果をまとめました #React #245",2026-06-16 21:16:00,2585,119,17,5,71,11,5,1
246,"https://x.com/example/status/1246","フリーランスの働き方について実践してみた結果をまとめました #プログラミング #246",2026-06-15 19:59:00,1511,152,22,7,91,15,7,2
247,"https://x.com/example/status/1247","読書メモについて実践してみた結果をまとめました #副業 #247",2026-06-06 18:38:00,4102,312,46,15,187,31,15,2
248,"https://x.com/example/status/1248","React開発のTipsについて実践してみた結果をまとめました #朝活 #248",2026-06-04 22:01:00,2662,264,39,13,158,26,13,2
249,"https://x.com/example/status/1249","TypeScriptの型テクニックについて実践してみた結果をまとめました #AI #249",2026-06-18 18:22:00,887,10,1,0,6,1,0,1
250,"https://x.com/example/status/1250","副業の始め方について実践してみた結果をまとめました #フリーランス #250",2026-06-28 22:02:00,655,45,6,2,27,4,2,4
251,"https://x.com/example/status/1251","Xでの発信術について実践してみた結果をまとめました #React #251",2026-06-12 02:16:00,616,11,1,0,6,1,0,0
252,"https://x.com/example/status/1252","朝活の習慣化について実践してみた結果をまとめました #プログラミング #252",2026-06-07 03:19:00,1213,24,3,1,14,2,1,2
253,"https://x.com/example/status/1253","AIツール活用法について実践してみた結果をまとめました #副業 #253",2026-06-03 02:36:00,2685,74,11,3,44,7,3,3
254,"https://x.com/example/status/1254","フリーランスの働き方について実践してみた結果をまとめました #朝活 #254",2026-06-10 08:12:00,936,70,10,3,42,7,3,3
255,"https://x.com/example/status/1255","読書メモについて実践してみた結果をまとめました #AI #255",2026-06-23 11:48:00,2333,179,26,8,107,17,8,2
256,"https://x.com/example/status/1256","React開発のTipsについて実践してみた結果をまとめました #フリーランス #256",2026-06-05 21:25:00,3791,229,34,11,137,22,11,4
257,"https://x.com/example/status/1257","TypeScriptの型テクニックについて実践してみた結果をまとめました #React #257",2026-06-18 08:14:00,3165,303,45,15,181,30,15,4
258,"https://x.com/example/status/1258","副業の始め方について実践してみた結果をまとめました #プログラミング #258",2026-06-10 06:33:00,2521,61,9,3,36,6,3,4
259,"https://x.com/example/status/1259","Xでの発信術について実践してみた結果をまとめました #副業 #259",2026-06-11 20:08:00,2909,244,36,12,146,24,12,0
260,"https://x.com/example/status/1260","朝活の習慣化について実践してみた結果をまとめました #朝活 #260",2026-06-04 03:39:00,3353,380,57,19,228,38,19,3
261,"https://x.com/example/status/1261","AIツール活用法について実践してみた結果をまとめました #AI #261",2026-06-19 21:40:00,3134,349,52,17,209,34,17,0
262,"https://x.com/example/status/1262","フリーランスの働き方について実践してみた結果をまとめました #フリーランス #262",2026-06-01 18:30:00,4746,262,39,13,157,26,13,3
263,"https://x.com/example/status/1263","読書メモについて実践してみた結果をまとめました #React #263",2026-06-20 14:13:00,3686,356,53,17,213,35,17,4
264,"https://x.com/example/status/1264","React開発のTipsについて実践してみた結果をまとめました #プログラミング #264",2026-06-27 21:38:00,2646,330,49,16,198,33,16,0
265,"https://x.com/example/status/1265","TypeScriptの型テクニックについて実践してみた結果をまとめました #副業 #265",2026-06-05 10:02:00,4617,421,63,21,252,42,21,4
266,"https://x.com/example/status/1266","副業の始め方について実践してみた結果をまとめました #朝活 #266",2026-06-23 03:58:00,837,70,10,3,42,7,3,2
267,"https://x.com/example/status/1267","Xでの発信術について実践してみた結果をまとめました #AI #267",2026-06-19 11:10:00,4466,342,51,17,205,34,17,1
268,"https://x.com/example/status/1268","朝活の習慣化について実践してみた結果をまとめました #フリーランス #268",2026-06-10 19:19:00,3500,106,15,5,63,10,5,4
269,"https://x.com/example/status/1269","AIツール活用法について実践してみた結果をまとめました #React #269",2026-06-05 15:54:00,2887,333,49,16,199,33,16,0
270,"https://x.com/example/status/1270","フリーランスの働き方について実践してみた結果をまとめました #プログラミング #270",2026-06-01 08:35:00,4601,258,38,12,154,25,12,3
271,"https://x.com/example/status/1271","読書メモについて実践してみた結果をまとめました #副業 #271",2026-06-27 05:54:00,4336,282,42,14,169,28,14,2
272,"https://x.com/example/status/1272","React開発のTipsについて実践してみた結果をまとめました #朝活 #272",2026-06-06 23:49:00,652,17,2,0,10,1,0,3
273,"https://x.com/example/status/1273","TypeScriptの型テクニックについて実践してみた結果をまとめました #AI #273",2026-06-12 12:20:00,2137,115,17,5,69,11,5,4
274,"https://x.com/example/status/1274","副業の始め方について実践してみた結果をまとめました #フリーランス #274",2026-06-11 22:30:00,3071,153,22,7,91,15,7,1
275,"https://x.com/example/status/1275","Xでの発信術について実践してみた結果をまとめました #React #275",2026-06-23 19:04:00,3286,328,49,16,196,32,16,0
276,"https://x.com/example/status/1276","朝活の習慣化について実践してみた結果をまとめました #プログラミング #276",2026-06-25 20:56:00,1896,43,6,2,25,4,2,0
277,"https://x.com/example/status/1277","AIツール活用法について実践してみた結果をまとめました #副業 #277",2026-06-14 16:06:00,4610,431,64,21,258,43,21,2
278,"https://x.com/example/status/1278","フリーランスの働き方について実践してみた結果をまとめました #朝活 #278",2026-06-15 07:23:00,4705,429,64,21,257,42,21,1
279,"https://x.com/example/status/1279","読書メモについて実践してみた結果をまとめました #AI #279",2026-06-11 07:16:00,415,17,2,0,10,1,0,4
280,"https://x.com/example/status/1280","React開発のTipsについて実践してみた結果をまとめました #フリーランス #280",2026-06-09 00:19:00,3430,438,65,21,262,43,21,4
281,"https://x.com/example/status/1281","TypeScriptの型テクニックについて実践してみた結果をまとめました #React #281",2026-06-03 04:22:00,2010,102,15,5,61,10,5,3
282,"https://x.com/example/status/1282","副業の始め方について実践してみた結果をまとめました #プログラミング #282",2026-06-05 06:49:00,2735,234,35,11,140,23,11,1
283,"https://x.com/example/status/1283","Xでの発信術について実践してみた結果をまとめました #副業 #283",2026-06-27 05:52:00,482,10,1,0,6,1,0,0
284,"https://x.com/example/status/1284","朝活の習慣化について実践してみた結果をまとめました #朝活 #284",2026-06-19 09:45:00,2562,309,46,15,185,30,15,3
285,"https://x.com/example/status/1285","AIツール活用法について実践してみた結果をまとめました #AI #285",2026-06-25 12:54:00,3451,234,35,11,140,23,11,4
286,"https://x.com/example/status/1286","フリーランスの働き方について実践してみた結果をまとめました #フリーランス #286",2026-06-02 19:22:00,4378,89,13,4,53,8,4,0
287,"https://x.com/example/status/1287","読書メモについて実践してみた結果をまとめました #React #287",2026-06-23 18:49:00,1524,89,13,4,53,8,4,0
288,"https://x.com/example/status/1288","React開発のTipsについて実践してみた結果をまとめました #プログラミング #288",2026-06-06 09:43:00,2170,255,38,12,153,25,12,0
289,"https://x.com/example/status/1289","TypeScriptの型テクニックについて実践してみた結果をまとめました #副業 #289",2026-06-10 23:39:00,1471,169,25,8,101,16,8,3
290,"https://x.com/example/status/1290","副業の始め方について実践してみた結果をまとめました #朝活 #290",2026-06-02 16:29:00,2610,96,14,4,57,9,4,4
291,"https://x.com/example/status/1291","Xでの発信術について実践してみた結果をまとめました #AI #291",2026-06-20 17:43:00,547,69,10,3,41,6,3,3
292,"https://x.com/example/status/1292","朝活の習慣化について実践してみた結果をまとめました #フリーランス #292",2026-06-17 21:51:00,5132,422,63,21,253,42,21,1
293,"https://x.com/example/status/1293","AIツール活用法について実践してみた結果をまとめました #React #293",2026-06-22 20:38:00,1170,67,10,3,40,6,3,1
294,"https://x.com/example/status/1294","フリーランスの働き方について実践してみた結果をまとめました #プログラミング #294",2026-06-27 01:34:00,379,24,3,1,14,2,1,0
295,"https://x.com/example/status/1295","読書メモについて実践してみた結果をまとめました #副業 #295",2026-06-01 03:36:00,2821,112,16,5,67,11,5,4
296,"https://x.com/example/status/1296","React開発のTipsについて実践してみた結果をまとめました #朝活 #296",2026-06-01 11:57:00,540,27,4,1,16,2,1,0
297,"https://x.com/example/status/1297","TypeScriptの型テクニックについて実践してみた結果をまとめました #AI #297",2026-06-10 22:31:00,287,33,4,1,19,3,1,1
298,"https://x.com/example/status/1298","副業の始め方について実践してみた結果をまとめました #フリーランス #298",2026-06-25 20:41:00,1982,190,28,9,114,19,9,3
299,"https://x.com/example/status/1299","Xでの発信術について実践してみた結果をまとめました #React #299",2026-06-09 06:43:00,522,6,0,0,3,0,0,3
300,"https://x.com/example/status/1300","朝活の習慣化について実践してみた結果をまとめました #プログラミング #300",2026-06-09 21:47:00,2731,204,30,10,122,20,10,3
301,"https://x.com/example/status/1301","AIツール活用法について実践してみた結果をまとめました #副業 #301",2026-06-27 12:38:00,4426,532,79,26,319,53,26,4
302,"https://x.com/example/status/1302","フリーランスの働き方について実践してみた結果をまとめました #朝活 #302",2026-06-27 12:26:00,3759,203,30,10,121,20,10,4
303,"https://x.com/example/status/1303","読書メモについて実践してみた結果をまとめました #AI #303",2026-06-27 05:03:00,574,50,7,2,30,5,2,3
304,"https://x.com/example/status/1304","React開発のTipsについて実践してみた結果をまとめました #フリーランス #304",2026-06-17 18:50:00,1939,184,27,9,110,18,9,1
305,"https://x.com/example/status/1305","TypeScriptの型テクニックについて実践してみた結果をまとめました #React #305",2026-06-12 21:49:00,4663,490,73,24,294,49,24,4
306,"https://x.com/example/status/1306","副業の始め方について実践してみた結果をまとめました #プログラミング #306",2026-06-05 02:41:00,924,77,11,3,46,7,3,0
307,"https://x.com/example/status/1307","Xでの発信術について実践してみた結果をまとめました #副業 #307",2026-06-07 19:02:00,1596,73,10,3,43,7,3,4
308,"https://x.com/example/status/1308","朝活の習慣化について実践してみた結果をまとめました #朝活 #308",2026-06-03 00:41:00,3009,287,43,14,172,28,14,2
309,"https://x.com/example/status/1309","AIツール活用法について実践してみた結果をまとめました #AI #309",2026-06-13 03:28:00,429,49,7,2,29,4,2,1
310,"https://x.com/example/status/1310","フリーランスの働き方について実践してみた結果をまとめました #フリーランス #310",2026-06-26 15:06:00,4261,321,48,16,192,32,16,3
311,"https://x.com/example/status/1311","読書メモについて実践してみた結果をまとめました #React #311",2026-06-17 07:41:00,4960,588,88,29,352,58,29,3
312,"https://x.com/example/status/1312","React開発のTipsについて実践してみた結果をまとめました #プログラミング #312",2026-06-23 18:18:00,2788,288,43,14,172,28,14,4
313,"https://x.com/example/status/1313","TypeScriptの型テクニックについて実践してみた結果をまとめました #副業 #313",2026-06-28 17:16:00,2118,233,34,11,139,23,11,0
314,"https://x.com/example/status/1314","副業の始め方について実践してみた結果をまとめました #朝活 #314",2026-06-24 13:56:00,3306,44,6,2,26,4,2,2
315,"https://x.com/example/status/1315","Xでの発信術について実践してみた結果をまとめました #AI #315",2026-06-01 04:39:00,336,34,5,1,20,3,1,3
316,"https://x.com/example/status/1316","朝活の習慣化について実践してみた結果をまとめました #フリーランス #316",2026-06-17 20:28:00,2108,132,19,6,79,13,6,3
317,"https://x.com/example/status/1317","AIツール活用法について実践してみた結果をまとめました #React #317",2026-06-02 05:02:00,694,32,4,1,19,3,1,2
318,"https://x.com/example/status/1318","フリーランスの働き方について実践してみた結果をまとめました #プログラミング #318",2026-06-07 01:19:00,2881,214,32,10,128,21,10,1
319,"https://x.com/example/status/1319","読書メモについて実践してみた結果をまとめました #副業 #319",2026-06-26 10:57:00,3150,67,10,3,40,6,3,1
320,"https://x.com/example/status/1320","React開発のTipsについて実践してみた結果をまとめました #朝活 #320",2026-06-18 01:17:00,4067,140,21,7,84,14,7,1
321,"https://x.com/example/status/1321","TypeScriptの型テクニックについて実践してみた結果をまとめました #AI #321",2026-06-06 12:23:00,3682,207,31,10,124,20,10,2
322,"https://x.com/example/status/1322","副業の始め方について実践してみた結果をまとめました #フリーランス #322",2026-06-01 22:35:00,299,11,1,0,6,1,0,3
323,"https://x.com/example/status/1323","Xでの発信術について実践してみた結果をまとめました #React #323",2026-06-28 06:51:00,5162,569,85,28,341,56,28,1
324,"https://x.com/example/status/1324","朝活の習慣化について実践してみた結果をまとめました #プログラミング #324",2026-06-25 03:29:00,2175,23,3,1,13,2,1,3
325,"https://x.com/example/status/1325","AIツール活用法について実践してみた結果をまとめました #副業 #325",2026-06-19 00:03:00,826,71,10,3,42,7,3,4
326,"https://x.com/example/status/1326","フリーランスの働き方について実践してみた結果をまとめました #朝活 #326",2026-06-13 14:20:00,514,34,5,1,20,3,1,4
327,"https://x.com/example/status/1327","読書メモについて実践してみた結果をまとめました #AI #327",2026-06-26 21:28:00,1280,40,6,2,24,4,2,3
328,"https://x.com/example/status/1328","React開発のTipsについて実践してみた結果をまとめました #フリーランス #328",2026-06-20 00:43:00,2048,193,28,9,115,19,9,1
329,"https://x.com/example/status/1329","TypeScriptの型テクニックについて実践してみた結果をまとめました #React #329",2026-06-07 04:36:00,4241,363,54,18,217,36,18,3
330,"https://x.com/example/status/1330","副業の始め方について実践してみた結果をまとめました #プログラミング #330",2026-06-20 16:51:00,4096,402,60,20,241,40,20,2
331,"https://x.com/example/status/1331","Xでの発信術について実践してみた結果をまとめました #副業 #331",2026-06-16 17:03:00,3130,80,12,4,48,8,4,4
332,"https://x.com/example/status/1332","朝活の習慣化について実践してみた結果をまとめました #朝活 #332",2026-06-20 01:25:00,5175,356,53,17,213,35,17,3
333,"https://x.com/example/status/1333","AIツール活用法について実践してみた結果をまとめました #AI #333",2026-06-07 05:33:00,1648,55,8,2,33,5,2,0
334,"https://x.com/example/status/1334","フリーランスの働き方について実践してみた結果をまとめました #フリーランス #334",2026-06-26 12:46:00,4739,461,69,23,276,46,23,1
335,"https://x.com/example/status/1335","読書メモについて実践してみた結果をまとめました #React #335",2026-06-01 05:22:00,3065,374,56,18,224,37,18,2
336,"https://x.com/example/status/1336","React開発のTipsについて実践してみた結果をまとめました #プログラミング #336",2026-06-19 15:16:00,4625,423,63,21,253,42,21,0
337,"https://x.com/example/status/1337","TypeScriptの型テクニックについて実践してみた結果をまとめました #副業 #337",2026-06-15 23:21:00,2806,267,40,13,160,26,13,4
338,"https://x.com/example/status/1338","副業の始め方について実践してみた結果をまとめました #朝活 #338",2026-06-02 12:23:00,3930,75,11,3,45,7,3,2
339,"https://x.com/example/status/1339","Xでの発信術について実践してみた結果をまとめました #AI #339",2026-06-02 15:03:00,3197,45,6,2,27,4,2,1
340,"https://x.com/example/status/1340","朝活の習慣化について実践してみた結果をまとめました #フリーランス #340",2026-06-12 11:25:00,1215,103,15,5,61,10,5,2
341,"https://x.com/example/status/1341","AIツール活用法について実践してみた結果をまとめました #React #341",2026-06-01 14:41:00,1613,138,20,6,82,13,6,4
342,"https://x.com/example/status/1342","フリーランスの働き方について実践してみた結果をまとめました #プログラミング #342",2026-06-23 08:08:00,3033,219,32,10,131,21,10,4
343,"https://x.com/example/status/1343","読書メモについて実践してみた結果をまとめました #副業 #343",2026-06-24 09:18:00,3574,347,52,17,208,34,17,3
344,"https://x.com/example/status/1344","React開発のTipsについて実践してみた結果をまとめました #朝活 #344",2026-06-02 11:27:00,5162,621,93,31,372,62,31,3
345,"https://x.com/example/status/1345","TypeScriptの型テクニックについて実践してみた結果をまとめました #AI #345",2026-06-21 12:21:00,4898,209,31,10,125,20,10,2
346,"https://x.com/example/status/1346","副業の始め方について実践してみた結果をまとめました #フリーランス #346",2026-06-16 00:09:00,3385,375,56,18,225,37,18,4
347,"https://x.com/example/status/1347","Xでの発信術について実践してみた結果をまとめました #React #347",2026-06-18 01:40:00,2215,265,39,13,159,26,13,3
348,"https://x.com/example/status/1348","朝活の習慣化について実践してみた結果をまとめました #プログラミング #348",2026-06-19 19:16:00,4691,599,89,29,359,59,29,2
349,"https://x.com/example/status/1349","AIツール活用法について実践してみた結果をまとめました #副業 #349",2026-06-08 01:32:00,3960,360,54,18,216,36,18,3
350,"https://x.com/example/status/1350","フリーランスの働き方について実践してみた結果をまとめました #朝活 #350",2026-06-27 13:10:00,4262,249,37,12,149,24,12,4
351,"https://x.com/example/status/1351","読書メモについて実践してみた結果をまとめました #AI #351",2026-06-03 09:16:00,4274,540,81,27,324,54,27,3
352,"https://x.com/example/status/1352","React開発のTipsについて実践してみた結果をまとめました #フリーランス #352",2026-06-02 13:00:00,4715,134,20,6,80,13,6,1
353,"https://x.com/example/status/1353","TypeScriptの型テクニックについて実践してみた結果をまとめました #React #353",2026-06-10 02:22:00,3427,98,14,4,58,9,4,1
354,"https://x.com/example/status/1354","副業の始め方について実践してみた結果をまとめました #プログラミング #354",2026-06-03 02:33:00,255,30,4,1,18,3,1,3
355,"https://x.com/example/status/1355","Xでの発信術について実践してみた結果をまとめました #副業 #355",2026-06-05 08:28:00,4489,509,76,25,305,50,25,1
356,"https://x.com/example/status/1356","朝活の習慣化について実践してみた結果をまとめました #朝活 #356",2026-06-04 01:54:00,3821,450,67,22,270,45,22,0
357,"https://x.com/example/status/1357","AIツール活用法について実践してみた結果をまとめました #AI #357",2026-06-03 12:37:00,1034,33,4,1,19,3,1,3
358,"https://x.com/example/status/1358","フリーランスの働き方について実践してみた結果をまとめました #フリーランス #358",2026-06-23 06:26:00,2657,319,47,15,191,31,15,1
359,"https://x.com/example/status/1359","読書メモについて実践してみた結果をまとめました #React #359",2026-06-13 04:01:00,2052,41,6,2,24,4,2,2
360,"https://x.com/example/status/1360","React開発のTipsについて実践してみた結果をまとめました #プログラミング #360",2026-06-23 21:19:00,3580,227,34,11,136,22,11,0
361,"https://x.com/example/status/1361","TypeScriptの型テクニックについて実践してみた結果をまとめました #副業 #361",2026-06-26 00:58:00,472,50,7,2,30,5,2,4
362,"https://x.com/example/status/1362","副業の始め方について実践してみた結果をまとめました #朝活 #362",2026-06-21 05:15:00,2770,108,16,5,64,10,5,3
363,"https://x.com/example/status/1363","Xでの発信術について実践してみた結果をまとめました #AI #363",2026-06-09 00:49:00,3418,261,39,13,156,26,13,0
364,"https://x.com/example/status/1364","朝活の習慣化について実践してみた結果をまとめました #フリーランス #364",2026-06-02 18:38:00,4820,626,93,31,375,62,31,2
365,"https://x.com/example/status/1365","AIツール活用法について実践してみた結果をまとめました #React #365",2026-06-17 10:39:00,3557,314,47,15,188,31,15,0
366,"https://x.com/example/status/1366","フリーランスの働き方について実践してみた結果をまとめました #プログラミング #366",2026-06-12 01:10:00,2826,73,10,3,43,7,3,3
367,"https://x.com/example/status/1367","読書メモについて実践してみた結果をまとめました #副業 #367",2026-06-20 11:16:00,3109,36,5,1,21,3,1,1
368,"https://x.com/example/status/1368","React開発のTipsについて実践してみた結果をまとめました #朝活 #368",2026-06-04 06:37:00,4084,347,52,17,208,34,17,1
369,"https://x.com/example/status/1369","TypeScriptの型テクニックについて実践してみた結果をまとめました #AI #369",2026-06-07 06:45:00,345,7,1,0,4,0,0,0
370,"https://x.com/example/status/1370","副業の始め方について実践してみた結果をまとめました #フリーランス #370",2026-06-25 03:05:00,2953,106,15,5,63,10,5,3
371,"https://x.com/example/status/1371","Xでの発信術について実践してみた結果をまとめました #React #371",2026-06-28 05:18:00,2540,255,38,12,153,25,12,3
372,"https://x.com/example/status/1372","朝活の習慣化について実践してみた結果をまとめました #プログラミング #372",2026-06-14 02:53:00,3866,265,39,13,159,26,13,1
373,"https://x.com/example/status/1373","AIツール活用法について実践してみた結果をまとめました #副業 #373",2026-06-27 05:38:00,363,12,1,0,7,1,0,1
374,"https://x.com/example/status/1374","フリーランスの働き方について実践してみた結果をまとめました #朝活 #374",2026-06-24 11:03:00,2289,257,38,12,154,25,12,3
375,"https://x.com/example/status/1375","読書メモについて実践してみた結果をまとめました #AI #375",2026-06-20 16:36:00,1637,148,22,7,88,14,7,0
376,"https://x.com/example/status/1376","React開発のTipsについて実践してみた結果をまとめました #フリーランス #376",2026-06-17 03:24:00,686,8,1,0,4,0,0,3
377,"https://x.com/example/status/1377","TypeScriptの型テクニックについて実践してみた結果をまとめました #React #377",2026-06-22 18:53:00,4803,264,39,13,158,26,13,1
378,"https://x.com/example/status/1378","副業の始め方について実践してみた結果をまとめました #プログラミング #378",2026-06-20 18:34:00,5131,146,21,7,87,14,7,2
379,"https://x.com/example/status/1379","Xでの発信術について実践してみた結果をまとめました #副業 #379",2026-06-27 20:50:00,4191,478,71,23,286,47,23,0
380,"https://x.com/example/status/1380","朝活の習慣化について実践してみた結果をまとめました #朝活 #380",2026-06-16 15:28:00,1883,116,17,5,69,11,5,4
381,"https://x.com/example/status/1381","AIツール活用法について実践してみた結果をまとめました #AI #381",2026-06-09 08:46:00,626,51,7,2,30,5,2,1
382,"https://x.com/example/status/1382","フリーランスの働き方について実践してみた結果をまとめました #フリーランス #382",2026-06-03 20:17:00,2058,85,12,4,51,8,4,4
383,"https://x.com/example/status/1383","読書メモについて実践してみた結果をまとめました #React #383",2026-06-21 06:28:00,1286,58,8,2,34,5,2,0
384,"https://x.com/example/status/1384","React開発のTipsについて実践してみた結果をまとめました #プログラミング #384",2026-06-09 11:05:00,2258,184,27,9,110,18,9,0
385,"https://x.com/example/status/1385","TypeScriptの型テクニックについて実践してみた結果をまとめました #副業 #385",2026-06-07 04:47:00,4588,461,69,23,276,46,23,1
386,"https://x.com/example/status/1386","副業の始め方について実践してみた結果をまとめました #朝活 #386",2026-06-09 05:11:00,592,56,8,2,33,5,2,0
387,"https://x.com/example/status/1387","Xでの発信術について実践してみた結果をまとめました #AI #387",2026-06-11 04:34:00,4317,223,33,11,133,22,11,4
388,"https://x.com/example/status/1388","朝活の習慣化について実践してみた結果をまとめました #フリーランス #388",2026-06-18 17:39:00,3394,436,65,21,261,43,21,0
389,"https://x.com/example/status/1389","AIツール活用法について実践してみた結果をまとめました #React #389",2026-06-22 10:04:00,1216,20,3,1,12,2,1,0
390,"https://x.com/example/status/1390","フリーランスの働き方について実践してみた結果をまとめました #プログラミング #390",2026-06-15 10:20:00,3381,271,40,13,162,27,13,0
391,"https://x.com/example/status/1391","読書メモについて実践してみた結果をまとめました #副業 #391",2026-06-19 02:43:00,3576,319,47,15,191,31,15,2
392,"https://x.com/example/status/1392","React開発のTipsについて実践してみた結果をまとめました #朝活 #392",2026-06-17 21:43:00,3716,454,68,22,272,45,22,3
393,"https://x.com/example/status/1393","TypeScriptの型テクニックについて実践してみた結果をまとめました #AI #393",2026-06-12 10:56:00,2546,36,5,1,21,3,1,0
394,"https://x.com/example/status/1394","副業の始め方について実践してみた結果をまとめました #フリーランス #394",2026-06-02 06:03:00,4580,86,12,4,51,8,4,0
395,"https://x.com/example/status/1395","Xでの発信術について実践してみた結果をまとめました #React #395",2026-06-17 21:02:00,4578,83,12,4,49,8,4,3
396,"https://x.com/example/status/1396","朝活の習慣化について実践してみた結果をまとめました #プログラミング #396",2026-06-05 05:36:00,2909,242,36,12,145,24,12,4
397,"https://x.com/example/status/1397","AIツール活用法について実践してみた結果をまとめました #副業 #397",2026-06-07 22:05:00,4524,266,39,13,159,26,13,0
398,"https://x.com/example/status/1398","フリーランスの働き方について実践してみた結果をまとめました #朝活 #398",2026-06-02 11:41:00,3698,428,64,21,256,42,21,2
399,"https://x.com/example/status/1399","読書メモについて実践してみた結果をまとめました #AI #399",2026-06-05 13:45:00,1135,54,8,2,32,5,2,2
400,"https://x.com/example/status/1400","React開発のTipsについて実践してみた結果をまとめました #フリーランス #400",2026-06-26 14:31:00,3730,55,8,2,33,5,2,1
401,"https://x.com/example/status/1401","TypeScriptの型テクニックについて実践してみた結果をまとめました #React #401",2026-06-14 02:15:00,5156,51,7,2,30,5,2,2
402,"https://x.com/example/status/1402","副業の始め方について実践してみた結果をまとめました #プログラミング #402",2026-06-19 13:31:00,4039,189,28,9,113,18,9,1
403,"https://x.com/example/status/1403","Xでの発信術について実践してみた結果をまとめました #副業 #403",2026-06-18 17:19:00,5040,76,11,3,45,7,3,4
404,"https://x.com/example/status/1404","朝活の習慣化について実践してみた結果をまとめました #朝活 #404",2026-06-20 13:28:00,4487,156,23,7,93,15,7,2
405,"https://x.com/example/status/1405","AIツール活用法について実践してみた結果をまとめました #AI #405",2026-06-19 06:09:00,3404,179,26,8,107,17,8,1
406,"https://x.com/example/status/1406","フリーランスの働き方について実践してみた結果をまとめました #フリーランス #406",2026-06-26 23:11:00,980,19,2,0,11,1,0,1
407,"https://x.com/example/status/1407","読書メモについて実践してみた結果をまとめました #React #407",2026-06-19 22:44:00,2410,85,12,4,51,8,4,3
408,"https://x.com/example/status/1408","React開発のTipsについて実践してみた結果をまとめました #プログラミング #408",2026-06-24 08:58:00,5164,52,7,2,31,5,2,2
409,"https://x.com/example/status/1409","TypeScriptの型テクニックについて実践してみた結果をまとめました #副業 #409",2026-06-08 08:28:00,2246,127,19,6,76,12,6,2
410,"https://x.com/example/status/1410","副業の始め方について実践してみた結果をまとめました #朝活 #410",2026-06-23 18:59:00,1544,182,27,9,109,18,9,1
411,"https://x.com/example/status/1411","Xでの発信術について実践してみた結果をまとめました #AI #411",2026-06-24 21:51:00,4102,111,16,5,66,11,5,3
412,"https://x.com/example/status/1412","朝活の習慣化について実践してみた結果をまとめました #フリーランス #412",2026-06-12 16:52:00,5158,296,44,14,177,29,14,1
413,"https://x.com/example/status/1413","AIツール活用法について実践してみた結果をまとめました #React #413",2026-06-20 17:38:00,1431,61,9,3,36,6,3,0
414,"https://x.com/example/status/1414","フリーランスの働き方について実践してみた結果をまとめました #プログラミング #414",2026-06-14 21:10:00,1550,84,12,4,50,8,4,0
415,"https://x.com/example/status/1415","読書メモについて実践してみた結果をまとめました #副業 #415",2026-06-18 08:35:00,4428,337,50,16,202,33,16,1
416,"https://x.com/example/status/1416","React開発のTipsについて実践してみた結果をまとめました #朝活 #416",2026-06-13 04:16:00,5088,453,67,22,271,45,22,3
417,"https://x.com/example/status/1417","TypeScriptの型テクニックについて実践してみた結果をまとめました #AI #417",2026-06-26 15:53:00,4652,208,31,10,124,20,10,0
418,"https://x.com/example/status/1418","副業の始め方について実践してみた結果をまとめました #フリーランス #418",2026-06-05 11:41:00,1828,231,34,11,138,23,11,3
419,"https://x.com/example/status/1419","Xでの発信術について実践してみた結果をまとめました #React #419",2026-06-16 23:58:00,4950,78,11,3,46,7,3,2
420,"https://x.com/example/status/1420","朝活の習慣化について実践してみた結果をまとめました #プログラミング #420",2026-06-28 18:59:00,4693,283,42,14,169,28,14,4
421,"https://x.com/example/status/1421","AIツール活用法について実践してみた結果をまとめました #副業 #421",2026-06-09 16:53:00,1857,228,34,11,136,22,11,2
422,"https://x.com/example/status/1422","フリーランスの働き方について実践してみた結果をまとめました #朝活 #422",2026-06-14 01:17:00,4053,286,42,14,171,28,14,2
423,"https://x.com/example/status/1423","読書メモについて実践してみた結果をまとめました #AI #423",2026-06-02 03:26:00,3857,379,56,18,227,37,18,1
424,"https://x.com/example/status/1424","React開発のTipsについて実践してみた結果をまとめました #フリーランス #424",2026-06-20 04:50:00,2845,210,31,10,126,21,10,3
425,"https://x.com/example/status/1425","TypeScriptの型テクニックについて実践してみた結果をまとめました #React #425",2026-06-04 17:02:00,2236,270,40,13,162,27,13,4
426,"https://x.com/example/status/1426","副業の始め方について実践してみた結果をまとめました #プログラミング #426",2026-06-11 02:00:00,2921,168,25,8,100,16,8,2
427,"https://x.com/example/status/1427","Xでの発信術について実践してみた結果をまとめました #副業 #427",2026-06-04 08:52:00,4714,298,44,14,178,29,14,4
428,"https://x.com/example/status/1428","朝活の習慣化について実践してみた結果をまとめました #朝活 #428",2026-06-21 10:23:00,1866,105,15,5,63,10,5,1
429,"https://x.com/example/status/1429","AIツール活用法について実践してみた結果をまとめました #AI #429",2026-06-18 13:04:00,545,8,1,0,4,0,0,3
430,"https://x.com/example/status/1430","フリーランスの働き方について実践してみた結果をまとめました #フリーランス #430",2026-06-10 08:29:00,623,43,6,2,25,4,2,3
431,"https://x.com/example/status/1431","読書メモについて実践してみた結果をまとめました #React #431",2026-06-08 17:30:00,4542,350,52,17,210,35,17,0
432,"https://x.com/example/status/1432","React開発のTipsについて実践してみた結果をまとめました #プログラミング #432",2026-06-11 16:38:00,4529,83,12,4,49,8,4,3
433,"https://x.com/example/status/1433","TypeScriptの型テクニックについて実践してみた結果をまとめました #副業 #433",2026-06-18 03:00:00,4263,551,82,27,330,55,27,3
434,"https://x.com/example/status/1434","副業の始め方について実践してみた結果をまとめました #朝活 #434",2026-06-05 04:25:00,3006,182,27,9,109,18,9,0
435,"https://x.com/example/status/1435","Xでの発信術について実践してみた結果をまとめました #AI #435",2026-06-16 12:00:00,4960,143,21,7,85,14,7,4
436,"https://x.com/example/status/1436","朝活の習慣化について実践してみた結果をまとめました #フリーランス #436",2026-06-28 19:08:00,4574,441,66,22,264,44,22,3
437,"https://x.com/example/status/1437","AIツール活用法について実践してみた結果をまとめました #React #437",2026-06-16 04:35:00,4014,102,15,5,61,10,5,3
438,"https://x.com/example/status/1438","フリーランスの働き方について実践してみた結果をまとめました #プログラミング #438",2026-06-09 00:44:00,415,53,7,2,31,5,2,2
439,"https://x.com/example/status/1439","読書メモについて実践してみた結果をまとめました #副業 #439",2026-06-10 05:42:00,4673,397,59,19,238,39,19,0
440,"https://x.com/example/status/1440","React開発のTipsについて実践してみた結果をまとめました #朝活 #440",2026-06-23 21:25:00,5162,98,14,4,58,9,4,3
441,"https://x.com/example/status/1441","TypeScriptの型テクニックについて実践してみた結果をまとめました #AI #441",2026-06-12 11:14:00,1235,23,3,1,13,2,1,2
442,"https://x.com/example/status/1442","副業の始め方について実践してみた結果をまとめました #フリーランス #442",2026-06-27 13:10:00,1106,136,20,6,81,13,6,4
443,"https://x.com/example/status/1443","Xでの発信術について実践してみた結果をまとめました #React #443",2026-06-12 06:59:00,1166,99,14,4,59,9,4,3
444,"https://x.com/example/status/1444","朝活の習慣化について実践してみた結果をまとめました #プログラミング #444",2026-06-26 22:30:00,1577,146,21,7,87,14,7,0
445,"https://x.com/example/status/1445","AIツール活用法について実践してみた結果をまとめました #副業 #445",2026-06-09 23:02:00,3019,68,10,3,40,6,3,0
446,"https://x.com/example/status/1446","フリーランスの働き方について実践してみた結果をまとめました #朝活 #446",2026-06-27 17:26:00,823,62,9,3,37,6,3,1
447,"https://x.com/example/status/1447","読書メモについて実践してみた結果をまとめました #AI #447",2026-06-01 06:29:00,4879,452,67,22,271,45,22,2
448,"https://x.com/example/status/1448","React開発のTipsについて実践してみた結果をまとめました #フリーランス #448",2026-06-17 00:07:00,2811,203,30,10,121,20,10,1
449,"https://x.com/example/status/1449","TypeScriptの型テクニックについて実践してみた結果をまとめました #React #449",2026-06-03 10:26:00,2051,167,25,8,100,16,8,2
450,"https://x.com/example/status/1450","副業の始め方について実践してみた結果をまとめました #プログラミング #450",2026-06-23 22:10:00,2151,146,21,7,87,14,7,3
451,"https://x.com/example/status/1451","Xでの発信術について実践してみた結果をまとめました #副業 #451",2026-06-03 02:41:00,4434,307,46,15,184,30,15,2
452,"https://x.com/example/status/1452","朝活の習慣化について実践してみた結果をまとめました #朝活 #452",2026-06-11 16:34:00,3506,446,66,22,267,44,22,3
453,"https://x.com/example/status/1453","AIツール活用法について実践してみた結果をまとめました #AI #453",2026-06-23 19:23:00,2295,172,25,8,103,17,8,1
454,"https://x.com/example/status/1454","フリーランスの働き方について実践してみた結果をまとめました #フリーランス #454",2026-06-16 20:00:00,1142,54,8,2,32,5,2,3
455,"https://x.com/example/status/1455","読書メモについて実践してみた結果をまとめました #React #455",2026-06-28 18:52:00,3124,88,13,4,52,8,4,1
456,"https://x.com/example/status/1456","React開発のTipsについて実践してみた結果をまとめました #プログラミング #456",2026-06-03 21:44:00,4796,458,68,22,274,45,22,2
457,"https://x.com/example/status/1457","TypeScriptの型テクニックについて実践してみた結果をまとめました #副業 #457",2026-06-20 03:27:00,4027,82,12,4,49,8,4,1
458,"https://x.com/example/status/1458","副業の始め方について実践してみた結果をまとめました #朝活 #458",2026-06-14 21:31:00,3556,271,40,13,162,27,13,4
459,"https://x.com/example/status/1459","Xでの発信術について実践してみた結果をまとめました #AI #459",2026-06-18 00:26:00,1463,35,5,1,21,3,1,4
460,"https://x.com/example/status/1460","朝活の習慣化について実践してみた結果をまとめました #フリーランス #460",2026-06-07 15:21:00,3215,174,26,8,104,17,8,2
461,"https://x.com/example/status/1461","AIツール活用法について実践してみた結果をまとめました #React #461",2026-06-19 11:09:00,4430,104,15,5,62,10,5,3
462,"https://x.com/example/status/1462","フリーランスの働き方について実践してみた結果をまとめました #プログラミング #462",2026-06-16 18:14:00,4895,196,29,9,117,19,9,4
463,"https://x.com/example/status/1463","読書メモについて実践してみた結果をまとめました #副業 #463",2026-06-04 14:43:00,4200,136,20,6,81,13,6,3
464,"https://x.com/example/status/1464","React開発のTipsについて実践してみた結果をまとめました #朝活 #464",2026-06-02 05:34:00,3147,397,59,19,238,39,19,2
465,"https://x.com/example/status/1465","TypeScriptの型テクニックについて実践してみた結果をまとめました #AI #465",2026-06-06 01:30:00,5101,142,21,7,85,14,7,2
466,"https://x.com/example/status/1466","副業の始め方について実践してみた結果をまとめました #フリーランス #466",2026-06-05 03:20:00,631,15,2,0,9,1,0,2
467,"https://x.com/example/status/1467","Xでの発信術について実践してみた結果をまとめました #React #467",2026-06-16 20:36:00,3367,141,21,7,84,14,7,2
468,"https://x.com/example/status/1468","朝活の習慣化について実践してみた結果をまとめました #プログラミング #468",2026-06-23 04:09:00,344,39,5,1,23,3,1,3
469,"https://x.com/example/status/1469","AIツール活用法について実践してみた結果をまとめました #副業 #469",2026-06-18 09:56:00,4052,342,51,17,205,34,17,1
470,"https://x.com/example/status/1470","フリーランスの働き方について実践してみた結果をまとめました #朝活 #470",2026-06-15 03:43:00,3731,346,51,17,207,34,17,3
471,"https://x.com/example/status/1471","読書メモについて実践してみた結果をまとめました #AI #471",2026-06-21 07:04:00,4032,113,16,5,67,11,5,4
472,"https://x.com/example/status/1472","React開発のTipsについて実践してみた結果をまとめました #フリーランス #472",2026-06-14 00:39:00,4063,262,39,13,157,26,13,2
473,"https://x.com/example/status/1473","TypeScriptの型テクニックについて実践してみた結果をまとめました #React #473",2026-06-15 17:42:00,471,58,8,2,34,5,2,4
474,"https://x.com/example/status/1474","副業の始め方について実践してみた結果をまとめました #プログラミング #474",2026-06-06 02:17:00,5189,569,85,28,341,56,28,2
475,"https://x.com/example/status/1475","Xでの発信術について実践してみた結果をまとめました #副業 #475",2026-06-27 02:17:00,968,122,18,6,73,12,6,4
476,"https://x.com/example/status/1476","朝活の習慣化について実践してみた結果をまとめました #朝活 #476",2026-06-01 19:24:00,724,61,9,3,36,6,3,2
477,"https://x.com/example/status/1477","AIツール活用法について実践してみた結果をまとめました #AI #477",2026-06-09 02:24:00,5147,295,44,14,177,29,14,3
478,"https://x.com/example/status/1478","フリーランスの働き方について実践してみた結果をまとめました #フリーランス #478",2026-06-24 23:13:00,2677,184,27,9,110,18,9,1
479,"https://x.com/example/status/1479","読書メモについて実践してみた結果をまとめました #React #479",2026-06-22 11:49:00,2692,182,27,9,109,18,9,2
480,"https://x.com/example/status/1480","React開発のTipsについて実践してみた結果をまとめました #プログラミング #480",2026-06-27 02:23:00,2575,135,20,6,81,13,6,3
481,"https://x.com/example/status/1481","TypeScriptの型テクニックについて実践してみた結果をまとめました #副業 #481",2026-06-18 15:19:00,3651,164,24,8,98,16,8,0
482,"https://x.com/example/status/1482","副業の始め方について実践してみた結果をまとめました #朝活 #482",2026-06-27 06:25:00,836,91,13,4,54,9,4,1
483,"https://x.com/example/status/1483","Xでの発信術について実践してみた結果をまとめました #AI #483",2026-06-15 01:09:00,4085,120,18,6,72,12,6,0
484,"https://x.com/example/status/1484","朝活の習慣化について実践してみた結果をまとめました #フリーランス #484",2026-06-10 20:28:00,3522,133,19,6,79,13,6,4
485,"https://x.com/example/status/1485","AIツール活用法について実践してみた結果をまとめました #React #485",2026-06-14 14:00:00,1097,71,10,3,42,7,3,4
486,"https://x.com/example/status/1486","フリーランスの働き方について実践してみた結果をまとめました #プログラミング #486",2026-06-11 01:33:00,2980,368,55,18,220,36,18,4
487,"https://x.com/example/status/1487","読書メモについて実践してみた結果をまとめました #副業 #487",2026-06-06 22:22:00,4159,413,61,20,247,41,20,4
488,"https://x.com/example/status/1488","React開発のTipsについて実践してみた結果をまとめました #朝活 #488",2026-06-19 19:28:00,2144,60,9,3,36,6,3,0
489,"https://x.com/example/status/1489","TypeScriptの型テクニックについて実践してみた結果をまとめました #AI #489",2026-06-13 19:30:00,2054,205,30,10,123,20,10,0
490,"https://x.com/example/status/1490","副業の始め方について実践してみた結果をまとめました #フリーランス #490",2026-06-04 00:13:00,2353,32,4,1,19,3,1,3
491,"https://x.com/example/status/1491","Xでの発信術について実践してみた結果をまとめました #React #491",2026-06-21 19:45:00,5083,161,24,8,96,16,8,0
492,"https://x.com/example/status/1492","朝活の習慣化について実践してみた結果をまとめました #プログラミング #492",2026-06-21 04:22:00,4137,397,59,19,238,39,19,3
493,"https://x.com/example/status/1493","AIツール活用法について実践してみた結果をまとめました #副業 #493",2026-06-15 11:24:00,581,7,1,0,4,0,0,4
494,"https://x.com/example/status/1494","フリーランスの働き方について実践してみた結果をまとめました #朝活 #494",2026-06-10 04:53:00,217,19,2,0,11,1,0,4
495,"https://x.com/example/status/1495","読書メモについて実践してみた結果をまとめました #AI #495",2026-06-05 19:05:00,1100,99,14,4,59,9,4,1
496,"https://x.com/example/status/1496","React開発のTipsについて実践してみた結果をまとめました #フリーランス #496",2026-06-15 08:50:00,3666,249,37,12,149,24,12,3
497,"https://x.com/example/status/1497","TypeScriptの型テクニックについて実践してみた結果をまとめました #React #497",2026-06-27 03:52:00,4106,522,78,26,313,52,26,2
498,"https://x.com/example/status/1498","副業の始め方について実践してみた結果をまとめました #プログラミング #498",2026-06-16 19:21:00,4526,407,61,20,244,40,20,3
499,"https://x.com/example/status/1499","Xでの発信術について実践してみた結果をまとめました #副業 #499",2026-06-15 12:44:00,310,24,3,1,14,2,1,1
500,"https://x.com/example/status/1500","朝活の習慣化について実践してみた結果をまとめました #朝活 #500",2026-06-04 13:56:00,4524,542,81,27,325,54,27,0
501,"https://x.com/example/status/1501","AIツール活用法について実践してみた結果をまとめました #AI #501",2026-06-03 11:53:00,534,30,4,1,18,3,1,1
502,"https://x.com/example/status/1502","フリーランスの働き方について実践してみた結果をまとめました #フリーランス #502",2026-06-26 05:49:00,393,20,3,1,12,2,1,4
503,"https://x.com/example/status/1503","読書メモについて実践してみた結果をまとめました #React #503",2026-06-13 01:44:00,1876,146,21,7,87,14,7,2
504,"https://x.com/example/status/1504","React開発のTipsについて実践してみた結果をまとめました #プログラミング #504",2026-06-01 11:57:00,995,53,7,2,31,5,2,1
505,"https://x.com/example/status/1505","TypeScriptの型テクニックについて実践してみた結果をまとめました #副業 #505",2026-06-05 03:49:00,3744,361,54,18,216,36,18,0
506,"https://x.com/example/status/1506","副業の始め方について実践してみた結果をまとめました #朝活 #506",2026-06-01 11:27:00,4537,445,66,22,267,44,22,0
507,"https://x.com/example/status/1507","Xでの発信術について実践してみた結果をまとめました #AI #507",2026-06-02 04:55:00,5144,269,40,13,161,26,13,3
508,"https://x.com/example/status/1508","朝活の習慣化について実践してみた結果をまとめました #フリーランス #508",2026-06-07 06:36:00,3779,98,14,4,58,9,4,3
509,"https://x.com/example/status/1509","AIツール活用法について実践してみた結果をまとめました #React #509",2026-06-27 23:58:00,3462,400,60,20,240,40,20,2
510,"https://x.com/example/status/1510","フリーランスの働き方について実践してみた結果をまとめました #プログラミング #510",2026-06-03 03:26:00,1738,32,4,1,19,3,1,0
511,"https://x.com/example/status/1511","読書メモについて実践してみた結果をまとめました #副業 #511",2026-06-12 17:12:00,3312,36,5,1,21,3,1,0
512,"https://x.com/example/status/1512","React開発のTipsについて実践してみた結果をまとめました #朝活 #512",2026-06-20 10:40:00,1243,22,3,1,13,2,1,4
513,"https://x.com/example/status/1513","TypeScriptの型テクニックについて実践してみた結果をまとめました #AI #513",2026-06-17 19:44:00,1968,128,19,6,76,12,6,0
514,"https://x.com/example/status/1514","副業の始め方について実践してみた結果をまとめました #フリーランス #514",2026-06-11 04:41:00,1806,179,26,8,107,17,8,0
515,"https://x.com/example/status/1515","Xでの発信術について実践してみた結果をまとめました #React #515",2026-06-04 09:25:00,4570,523,78,26,313,52,26,1
516,"https://x.com/example/status/1516","朝活の習慣化について実践してみた結果をまとめました #プログラミング #516",2026-06-13 06:52:00,3791,228,34,11,136,22,11,3
517,"https://x.com/example/status/1517","AIツール活用法について実践してみた結果をまとめました #副業 #517",2026-06-15 10:54:00,542,34,5,1,20,3,1,0
518,"https://x.com/example/status/1518","フリーランスの働き方について実践してみた結果をまとめました #朝活 #518",2026-06-23 14:24:00,933,107,16,5,64,10,5,4
519,"https://x.com/example/status/1519","読書メモについて実践してみた結果をまとめました #AI #519",2026-06-03 10:21:00,2057,196,29,9,117,19,9,3
520,"https://x.com/example/status/1520","React開発のTipsについて実践してみた結果をまとめました #フリーランス #520",2026-06-23 18:07:00,2721,293,43,14,175,29,14,4
521,"https://x.com/example/status/1521","TypeScriptの型テクニックについて実践してみた結果をまとめました #React #521",2026-06-19 10:49:00,2869,174,26,8,104,17,8,4
522,"https://x.com/example/status/1522","副業の始め方について実践してみた結果をまとめました #プログラミング #522",2026-06-26 10:30:00,2119,164,24,8,98,16,8,0
523,"https://x.com/example/status/1523","Xでの発信術について実践してみた結果をまとめました #副業 #523",2026-06-05 21:48:00,935,18,2,0,10,1,0,3
524,"https://x.com/example/status/1524","朝活の習慣化について実践してみた結果をまとめました #朝活 #524",2026-06-15 07:24:00,524,34,5,1,20,3,1,0
525,"https://x.com/example/status/1525","AIツール活用法について実践してみた結果をまとめました #AI #525",2026-06-28 13:55:00,427,26,3,1,15,2,1,4
526,"https://x.com/example/status/1526","フリーランスの働き方について実践してみた結果をまとめました #フリーランス #526",2026-06-18 03:31:00,3372,128,19,6,76,12,6,1
527,"https://x.com/example/status/1527","読書メモについて実践してみた結果をまとめました #React #527",2026-06-12 01:28:00,3532,404,60,20,242,40,20,0
528,"https://x.com/example/status/1528","React開発のTipsについて実践してみた結果をまとめました #プログラミング #528",2026-06-24 06:35:00,3958,129,19,6,77,12,6,4
529,"https://x.com/example/status/1529","TypeScriptの型テクニックについて実践してみた結果をまとめました #副業 #529",2026-06-24 04:48:00,3810,313,46,15,187,31,15,2
530,"https://x.com/example/status/1530","副業の始め方について実践してみた結果をまとめました #朝活 #530",2026-06-02 21:56:00,1342,101,15,5,60,10,5,4
531,"https://x.com/example/status/1531","Xでの発信術について実践してみた結果をまとめました #AI #531",2026-06-13 22:20:00,850,49,7,2,29,4,2,4
532,"https://x.com/example/status/1532","朝活の習慣化について実践してみた結果をまとめました #フリーランス #532",2026-06-18 10:36:00,3789,77,11,3,46,7,3,3
533,"https://x.com/example/status/1533","AIツール活用法について実践してみた結果をまとめました #React #533",2026-06-15 05:59:00,4211,177,26,8,106,17,8,1
534,"https://x.com/example/status/1534","フリーランスの働き方について実践してみた結果をまとめました #プログラミング #534",2026-06-15 20:51:00,4666,210,31,10,126,21,10,2
535,"https://x.com/example/status/1535","読書メモについて実践してみた結果をまとめました #副業 #535",2026-06-21 06:27:00,3176,362,54,18,217,36,18,2
536,"https://x.com/example/status/1536","React開発のTipsについて実践してみた結果をまとめました #朝活 #536",2026-06-21 14:44:00,4566,348,52,17,208,34,17,4
537,"https://x.com/example/status/1537","TypeScriptの型テクニックについて実践してみた結果をまとめました #AI #537",2026-06-13 17:56:00,3301,141,21,7,84,14,7,0
538,"https://x.com/example/status/1538","副業の始め方について実践してみた結果をまとめました #フリーランス #538",2026-06-20 17:48:00,1398,96,14,4,57,9,4,0
539,"https://x.com/example/status/1539","Xでの発信術について実践してみた結果をまとめました #React #539",2026-06-10 01:36:00,4864,94,14,4,56,9,4,2
540,"https://x.com/example/status/1540","朝活の習慣化について実践してみた結果をまとめました #プログラミング #540",2026-06-02 15:50:00,587,27,4,1,16,2,1,1
541,"https://x.com/example/status/1541","AIツール活用法について実践してみた結果をまとめました #副業 #541",2026-06-02 06:20:00,5025,435,65,21,261,43,21,2
542,"https://x.com/example/status/1542","フリーランスの働き方について実践してみた結果をまとめました #朝活 #542",2026-06-24 04:39:00,3687,187,28,9,112,18,9,0
543,"https://x.com/example/status/1543","読書メモについて実践してみた結果をまとめました #AI #543",2026-06-19 15:22:00,1742,149,22,7,89,14,7,0
544,"https://x.com/example/status/1544","React開発のTipsについて実践してみた結果をまとめました #フリーランス #544",2026-06-09 08:52:00,4893,100,15,5,60,10,5,2
545,"https://x.com/example/status/1545","TypeScriptの型テクニックについて実践してみた結果をまとめました #React #545",2026-06-25 09:34:00,326,7,1,0,4,0,0,3
546,"https://x.com/example/status/1546","副業の始め方について実践してみた結果をまとめました #プログラミング #546",2026-06-11 14:45:00,3453,213,31,10,127,21,10,2
547,"https://x.com/example/status/1547","Xでの発信術について実践してみた結果をまとめました #副業 #547",2026-06-08 12:43:00,2497,208,31,10,124,20,10,2
548,"https://x.com/example/status/1548","朝活の習慣化について実践してみた結果をまとめました #朝活 #548",2026-06-10 17:03:00,1832,130,19,6,78,13,6,3
549,"https://x.com/example/status/1549","AIツール活用法について実践してみた結果をまとめました #AI #549",2026-06-23 20:17:00,774,45,6,2,27,4,2,3
550,"https://x.com/example/status/1550","フリーランスの働き方について実践してみた結果をまとめました #フリーランス #550",2026-06-07 23:08:00,1121,23,3,1,13,2,1,2
551,"https://x.com/example/status/1551","読書メモについて実践してみた結果をまとめました #React #551",2026-06-22 16:31:00,4304,407,61,20,244,40,20,4
552,"https://x.com/example/status/1552","React開発のTipsについて実践してみた結果をまとめました #プログラミング #552",2026-06-22 14:54:00,955,70,10,3,42,7,3,4
553,"https://x.com/example/status/1553","TypeScriptの型テクニックについて実践してみた結果をまとめました #副業 #553",2026-06-18 06:14:00,4318,122,18,6,73,12,6,1
554,"https://x.com/example/status/1554","副業の始め方について実践してみた結果をまとめました #朝活 #554",2026-06-20 21:11:00,991,47,7,2,28,4,2,1
555,"https://x.com/example/status/1555","Xでの発信術について実践してみた結果をまとめました #AI #555",2026-06-07 17:40:00,2783,95,14,4,57,9,4,3
556,"https://x.com/example/status/1556","朝活の習慣化について実践してみた結果をまとめました #フリーランス #556",2026-06-14 08:42:00,1741,67,10,3,40,6,3,3
557,"https://x.com/example/status/1557","AIツール活用法について実践してみた結果をまとめました #React #557",2026-06-07 06:05:00,3705,262,39,13,157,26,13,2
558,"https://x.com/example/status/1558","フリーランスの働き方について実践してみた結果をまとめました #プログラミング #558",2026-06-15 19:35:00,3050,255,38,12,153,25,12,4
559,"https://x.com/example/status/1559","読書メモについて実践してみた結果をまとめました #副業 #559",2026-06-28 22:24:00,4055,172,25,8,103,17,8,0
560,"https://x.com/example/status/1560","React開発のTipsについて実践してみた結果をまとめました #朝活 #560",2026-06-23 17:18:00,3403,184,27,9,110,18,9,1
561,"https://x.com/example/status/1561","TypeScriptの型テクニックについて実践してみた結果をまとめました #AI #561",2026-06-12 22:30:00,2231,257,38,12,154,25,12,3
562,"https://x.com/example/status/1562","副業の始め方について実践してみた結果をまとめました #フリーランス #562",2026-06-01 17:51:00,435,16,2,0,9,1,0,2
563,"https://x.com/example/status/1563","Xでの発信術について実践してみた結果をまとめました #React #563",2026-06-01 09:15:00,4690,298,44,14,178,29,14,1
564,"https://x.com/example/status/1564","朝活の習慣化について実践してみた結果をまとめました #プログラミング #564",2026-06-05 07:58:00,1901,216,32,10,129,21,10,2
565,"https://x.com/example/status/1565","AIツール活用法について実践してみた結果をまとめました #副業 #565",2026-06-06 04:57:00,4177,270,40,13,162,27,13,4
566,"https://x.com/example/status/1566","フリーランスの働き方について実践してみた結果をまとめました #朝活 #566",2026-06-15 12:56:00,5049,401,60,20,240,40,20,4
567,"https://x.com/example/status/1567","読書メモについて実践してみた結果をまとめました #AI #567",2026-06-06 15:15:00,3653,78,11,3,46,7,3,2
568,"https://x.com/example/status/1568","React開発のTipsについて実践してみた結果をまとめました #フリーランス #568",2026-06-14 07:15:00,200,14,2,0,8,1,0,0
569,"https://x.com/example/status/1569","TypeScriptの型テクニックについて実践してみた結果をまとめました #React #569",2026-06-05 11:01:00,3198,119,17,5,71,11,5,3
570,"https://x.com/example/status/1570","副業の始め方について実践してみた結果をまとめました #プログラミング #570",2026-06-24 16:16:00,238,24,3,1,14,2,1,2
571,"https://x.com/example/status/1571","Xでの発信術について実践してみた結果をまとめました #副業 #571",2026-06-10 22:19:00,260,11,1,0,6,1,0,2
572,"https://x.com/example/status/1572","朝活の習慣化について実践してみた結果をまとめました #朝活 #572",2026-06-06 15:24:00,966,97,14,4,58,9,4,1
573,"https://x.com/example/status/1573","AIツール活用法について実践してみた結果をまとめました #AI #573",2026-06-14 01:50:00,3142,117,17,5,70,11,5,3
574,"https://x.com/example/status/1574","フリーランスの働き方について実践してみた結果をまとめました #フリーランス #574",2026-06-17 03:17:00,1313,114,17,5,68,11,5,2
575,"https://x.com/example/status/1575","読書メモについて実践してみた結果をまとめました #React #575",2026-06-20 22:18:00,4990,52,7,2,31,5,2,1
576,"https://x.com/example/status/1576","React開発のTipsについて実践してみた結果をまとめました #プログラミング #576",2026-06-04 23:28:00,1361,146,21,7,87,14,7,4
577,"https://x.com/example/status/1577","TypeScriptの型テクニックについて実践してみた結果をまとめました #副業 #577",2026-06-07 21:34:00,3504,338,50,16,202,33,16,1
578,"https://x.com/example/status/1578","副業の始め方について実践してみた結果をまとめました #朝活 #578",2026-06-19 11:45:00,478,27,4,1,16,2,1,2
579,"https://x.com/example/status/1579","Xでの発信術について実践してみた結果をまとめました #AI #579",2026-06-25 18:07:00,4091,196,29,9,117,19,9,1
580,"https://x.com/example/status/1580","朝活の習慣化について実践してみた結果をまとめました #フリーランス #580",2026-06-21 08:59:00,3188,54,8,2,32,5,2,3
581,"https://x.com/example/status/1581","AIツール活用法について実践してみた結果をまとめました #React #581",2026-06-14 09:40:00,3029,236,35,11,141,23,11,0
582,"https://x.com/example/status/1582","フリーランスの働き方について実践してみた結果をまとめました #プログラミング #582",2026-06-04 16:11:00,3226,51,7,2,30,5,2,0
583,"https://x.com/example/status/1583","読書メモについて実践してみた結果をまとめました #副業 #583",2026-06-27 11:25:00,2128,72,10,3,43,7,3,0
584,"https://x.com/example/status/1584","React開発のTipsについて実践してみた結果をまとめました #朝活 #584",2026-06-11 10:27:00,3424,424,63,21,254,42,21,3
585,"https://x.com/example/status/1585","TypeScriptの型テクニックについて実践してみた結果をまとめました #AI #585",2026-06-04 09:42:00,2597,243,36,12,145,24,12,0
586,"https://x.com/example/status/1586","副業の始め方について実践してみた結果をまとめました #フリーランス #586",2026-06-07 14:46:00,3654,81,12,4,48,8,4,2
587,"https://x.com/example/status/1587","Xでの発信術について実践してみた結果をまとめました #React #587",2026-06-09 20:01:00,905,52,7,2,31,5,2,0
588,"https://x.com/example/status/1588","朝活の習慣化について実践してみた結果をまとめました #プログラミング #588",2026-06-07 02:49:00,4290,249,37,12,149,24,12,2
589,"https://x.com/example/status/1589","AIツール活用法について実践してみた結果をまとめました #副業 #589",2026-06-28 21:59:00,2519,146,21,7,87,14,7,0
590,"https://x.com/example/status/1590","フリーランスの働き方について実践してみた結果をまとめました #朝活 #590",2026-06-02 00:31:00,2637,324,48,16,194,32,16,1
591,"https://x.com/example/status/1591","読書メモについて実践してみた結果をまとめました #AI #591",2026-06-10 14:26:00,1030,109,16,5,65,10,5,4
592,"https://x.com/example/status/1592","React開発のTipsについて実践してみた結果をまとめました #フリーランス #592",2026-06-17 23:34:00,4423,411,61,20,246,41,20,1
593,"https://x.com/example/status/1593","TypeScriptの型テクニックについて実践してみた結果をまとめました #React #593",2026-06-19 18:55:00,4224,332,49,16,199,33,16,0
594,"https://x.com/example/status/1594","副業の始め方について実践してみた結果をまとめました #プログラミング #594",2026-06-26 04:05:00,715,42,6,2,25,4,2,2
595,"https://x.com/example/status/1595","Xでの発信術について実践してみた結果をまとめました #副業 #595",2026-06-08 04:38:00,3763,128,19,6,76,12,6,3
596,"https://x.com/example/status/1596","朝活の習慣化について実践してみた結果をまとめました #朝活 #596",2026-06-11 21:05:00,1895,198,29,9,118,19,9,0
597,"https://x.com/example/status/1597","AIツール活用法について実践してみた結果をまとめました #AI #597",2026-06-11 12:57:00,212,26,3,1,15,2,1,2
598,"https://x.com/example/status/1598","フリーランスの働き方について実践してみた結果をまとめました #フリーランス #598",2026-06-20 19:12:00,4120,447,67,22,268,44,22,3
599,"https://x.com/example/status/1599","読書メモについて実践してみた結果をまとめました #React #599",2026-06-19 23:34:00,1168,16,2,0,9,1,0,4
600,"https://x.com/example/status/1600","React開発のTipsについて実践してみた結果をまとめました #プログラミング #600",2026-06-12 19:06:00,4494,314,47,15,188,31,15,0
601,"https://x.com/example/status/1601","TypeScriptの型テクニックについて実践してみた結果をまとめました #副業 #601",2026-06-15 19:45:00,1662,171,25,8,102,17,8,4
602,"https://x.com/example/status/1602","副業の始め方について実践してみた結果をまとめました #朝活 #602",2026-06-28 23:31:00,3852,179,26,8,107,17,8,4
603,"https://x.com/example/status/1603","Xでの発信術について実践してみた結果をまとめました #AI #603",2026-06-13 18:47:00,1027,62,9,3,37,6,3,1
604,"https://x.com/example/status/1604","朝活の習慣化について実践してみた結果をまとめました #フリーランス #604",2026-06-18 21:01:00,3359,351,52,17,210,35,17,0
605,"https://x.com/example/status/1605","AIツール活用法について実践してみた結果をまとめました #React #605",2026-06-28 15:57:00,1240,116,17,5,69,11,5,1
606,"https://x.com/example/status/1606","フリーランスの働き方について実践してみた結果をまとめました #プログラミング #606",2026-06-02 20:40:00,3340,245,36,12,147,24,12,3
607,"https://x.com/example/status/1607","読書メモについて実践してみた結果をまとめました #副業 #607",2026-06-08 15:51:00,702,32,4,1,19,3,1,0
608,"https://x.com/example/status/1608","React開発のTipsについて実践してみた結果をまとめました #朝活 #608",2026-06-23 11:44:00,967,45,6,2,27,4,2,1
609,"https://x.com/example/status/1609","TypeScriptの型テクニックについて実践してみた結果をまとめました #AI #609",2026-06-11 03:26:00,4739,290,43,14,174,29,14,4
610,"https://x.com/example/status/1610","副業の始め方について実践してみた結果をまとめました #フリーランス #610",2026-06-01 00:07:00,806,37,5,1,22,3,1,0
611,"https://x.com/example/status/1611","Xでの発信術について実践してみた結果をまとめました #React #611",2026-06-01 03:26:00,4995,211,31,10,126,21,10,3
612,"https://x.com/example/status/1612","朝活の習慣化について実践してみた結果をまとめました #プログラミング #612",2026-06-18 08:08:00,2896,298,44,14,178,29,14,2
613,"https://x.com/example/status/1613","AIツール活用法について実践してみた結果をまとめました #副業 #613",2026-06-10 09:17:00,4404,196,29,9,117,19,9,1
614,"https://x.com/example/status/1614","フリーランスの働き方について実践してみた結果をまとめました #朝活 #614",2026-06-02 12:03:00,1909,167,25,8,100,16,8,0
615,"https://x.com/example/status/1615","読書メモについて実践してみた結果をまとめました #AI #615",2026-06-14 11:00:00,2648,127,19,6,76,12,6,0
616,"https://x.com/example/status/1616","React開発のTipsについて実践してみた結果をまとめました #フリーランス #616",2026-06-26 10:50:00,2560,32,4,1,19,3,1,2
617,"https://x.com/example/status/1617","TypeScriptの型テクニックについて実践してみた結果をまとめました #React #617",2026-06-08 08:17:00,591,55,8,2,33,5,2,4
618,"https://x.com/example/status/1618","副業の始め方について実践してみた結果をまとめました #プログラミング #618",2026-06-20 17:09:00,4424,474,71,23,284,47,23,3
619,"https://x.com/example/status/1619","Xでの発信術について実践してみた結果をまとめました #副業 #619",2026-06-27 15:33:00,3297,203,30,10,121,20,10,2
620,"https://x.com/example/status/1620","朝活の習慣化について実践してみた結果をまとめました #朝活 #620",2026-06-25 12:33:00,1800,57,8,2,34,5,2,4
621,"https://x.com/example/status/1621","AIツール活用法について実践してみた結果をまとめました #AI #621",2026-06-21 10:21:00,3687,275,41,13,165,27,13,4
622,"https://x.com/example/status/1622","フリーランスの働き方について実践してみた結果をまとめました #フリーランス #622",2026-06-22 23:03:00,3632,388,58,19,232,38,19,1
623,"https://x.com/example/status/1623","読書メモについて実践してみた結果をまとめました #React #623",2026-06-11 13:47:00,2538,209,31,10,125,20,10,3
624,"https://x.com/example/status/1624","React開発のTipsについて実践してみた結果をまとめました #プログラミング #624",2026-06-08 13:25:00,1691,108,16,5,64,10,5,3
625,"https://x.com/example/status/1625","TypeScriptの型テクニックについて実践してみた結果をまとめました #副業 #625",2026-06-28 01:49:00,4873,281,42,14,168,28,14,2
626,"https://x.com/example/status/1626","副業の始め方について実践してみた結果をまとめました #朝活 #626",2026-06-06 14:52:00,785,87,13,4,52,8,4,1
627,"https://x.com/example/status/1627","Xでの発信術について実践してみた結果をまとめました #AI #627",2026-06-17 12:06:00,1818,117,17,5,70,11,5,0
628,"https://x.com/example/status/1628","朝活の習慣化について実践してみた結果をまとめました #フリーランス #628",2026-06-26 10:37:00,993,26,3,1,15,2,1,1
629,"https://x.com/example/status/1629","AIツール活用法について実践してみた結果をまとめました #React #629",2026-06-04 01:35:00,4456,132,19,6,79,13,6,2
630,"https://x.com/example/status/1630","フリーランスの働き方について実践してみた結果をまとめました #プログラミング #630",2026-06-14 09:03:00,5027,142,21,7,85,14,7,1
631,"https://x.com/example/status/1631","読書メモについて実践してみた結果をまとめました #副業 #631",2026-06-19 07:35:00,4727,429,64,21,257,42,21,0
632,"https://x.com/example/status/1632","React開発のTipsについて実践してみた結果をまとめました #朝活 #632",2026-06-19 04:33:00,2900,278,41,13,166,27,13,2
633,"https://x.com/example/status/1633","TypeScriptの型テクニックについて実践してみた結果をまとめました #AI #633",2026-06-09 12:58:00,1537,18,2,0,10,1,0,4
634,"https://x.com/example/status/1634","副業の始め方について実践してみた結果をまとめました #フリーランス #634",2026-06-05 19:04:00,4361,88,13,4,52,8,4,3
635,"https://x.com/example/status/1635","Xでの発信術について実践してみた結果をまとめました #React #635",2026-06-12 04:08:00,516,64,9,3,38,6,3,1
636,"https://x.com/example/status/1636","朝活の習慣化について実践してみた結果をまとめました #プログラミング #636",2026-06-09 22:31:00,524,66,9,3,39,6,3,4
637,"https://x.com/example/status/1637","AIツール活用法について実践してみた結果をまとめました #副業 #637",2026-06-18 00:32:00,718,68,10,3,40,6,3,3
638,"https://x.com/example/status/1638","フリーランスの働き方について実践してみた結果をまとめました #朝活 #638",2026-06-28 21:36:00,1264,164,24,8,98,16,8,1
639,"https://x.com/example/status/1639","読書メモについて実践してみた結果をまとめました #AI #639",2026-06-16 04:56:00,569,10,1,0,6,1,0,0
640,"https://x.com/example/status/1640","React開発のTipsについて実践してみた結果をまとめました #フリーランス #640",2026-06-21 10:19:00,2152,113,16,5,67,11,5,3
641,"https://x.com/example/status/1641","TypeScriptの型テクニックについて実践してみた結果をまとめました #React #641",2026-06-19 06:15:00,4542,265,39,13,159,26,13,2
642,"https://x.com/example/status/1642","副業の始め方について実践してみた結果をまとめました #プログラミング #642",2026-06-02 15:33:00,3663,257,38,12,154,25,12,2
643,"https://x.com/example/status/1643","Xでの発信術について実践してみた結果をまとめました #副業 #643",2026-06-24 08:06:00,3358,75,11,3,45,7,3,3
644,"https://x.com/example/status/1644","朝活の習慣化について実践してみた結果をまとめました #朝活 #644",2026-06-16 04:41:00,956,92,13,4,55,9,4,2
645,"https://x.com/example/status/1645","AIツール活用法について実践してみた結果をまとめました #AI #645",2026-06-12 23:42:00,1778,38,5,1,22,3,1,0
646,"https://x.com/example/status/1646","フリーランスの働き方について実践してみた結果をまとめました #フリーランス #646",2026-06-10 22:05:00,4537,125,18,6,75,12,6,1
647,"https://x.com/example/status/1647","読書メモについて実践してみた結果をまとめました #React #647",2026-06-28 06:37:00,4610,364,54,18,218,36,18,3
648,"https://x.com/example/status/1648","React開発のTipsについて実践してみた結果をまとめました #プログラミング #648",2026-06-11 14:25:00,3362,48,7,2,28,4,2,4
649,"https://x.com/example/status/1649","TypeScriptの型テクニックについて実践してみた結果をまとめました #副業 #649",2026-06-25 13:07:00,3012,324,48,16,194,32,16,1
650,"https://x.com/example/status/1650","副業の始め方について実践してみた結果をまとめました #朝活 #650",2026-06-23 16:41:00,3876,413,61,20,247,41,20,1
651,"https://x.com/example/status/1651","Xでの発信術について実践してみた結果をまとめました #AI #651",2026-06-05 21:49:00,2005,151,22,7,90,15,7,1
652,"https://x.com/example/status/1652","朝活の習慣化について実践してみた結果をまとめました #フリーランス #652",2026-06-15 04:34:00,5038,607,91,30,364,60,30,2
653,"https://x.com/example/status/1653","AIツール活用法について実践してみた結果をまとめました #React #653",2026-06-08 01:54:00,1131,79,11,3,47,7,3,0
654,"https://x.com/example/status/1654","フリーランスの働き方について実践してみた結果をまとめました #プログラミング #654",2026-06-18 04:46:00,1669,170,25,8,102,17,8,2
655,"https://x.com/example/status/1655","読書メモについて実践してみた結果をまとめました #副業 #655",2026-06-02 04:21:00,2267,255,38,12,153,25,12,3
656,"https://x.com/example/status/1656","React開発のTipsについて実践してみた結果をまとめました #朝活 #656",2026-06-13 14:17:00,3201,276,41,13,165,27,13,4
657,"https://x.com/example/status/1657","TypeScriptの型テクニックについて実践してみた結果をまとめました #AI #657",2026-06-16 04:00:00,217,14,2,0,8,1,0,4
658,"https://x.com/example/status/1658","副業の始め方について実践してみた結果をまとめました #フリーランス #658",2026-06-15 18:53:00,4247,92,13,4,55,9,4,4
659,"https://x.com/example/status/1659","Xでの発信術について実践してみた結果をまとめました #React #659",2026-06-17 17:47:00,1402,166,24,8,99,16,8,2
660,"https://x.com/example/status/1660","朝活の習慣化について実践してみた結果をまとめました #プログラミング #660",2026-06-25 18:56:00,2363,249,37,12,149,24,12,3
661,"https://x.com/example/status/1661","AIツール活用法について実践してみた結果をまとめました #副業 #661",2026-06-21 12:37:00,2256,197,29,9,118,19,9,3
662,"https://x.com/example/status/1662","フリーランスの働き方について実践してみた結果をまとめました #朝活 #662",2026-06-21 12:44:00,613,26,3,1,15,2,1,1
663,"https://x.com/example/status/1663","読書メモについて実践してみた結果をまとめました #AI #663",2026-06-21 06:00:00,1579,38,5,1,22,3,1,4
664,"https://x.com/example/status/1664","React開発のTipsについて実践してみた結果をまとめました #フリーランス #664",2026-06-26 04:07:00,1604,60,9,3,36,6,3,0
665,"https://x.com/example/status/1665","TypeScriptの型テクニックについて実践してみた結果をまとめました #React #665",2026-06-08 11:22:00,4442,534,80,26,320,53,26,3
666,"https://x.com/example/status/1666","副業の始め方について実践してみた結果をまとめました #プログラミング #666",2026-06-14 06:02:00,3659,475,71,23,285,47,23,2
667,"https://x.com/example/status/1667","Xでの発信術について実践してみた結果をまとめました #副業 #667",2026-06-17 18:07:00,4318,245,36,12,147,24,12,4
668,"https://x.com/example/status/1668","朝活の習慣化について実践してみた結果をまとめました #朝活 #668",2026-06-01 03:22:00,545,49,7,2,29,4,2,0
669,"https://x.com/example/status/1669","AIツール活用法について実践してみた結果をまとめました #AI #669",2026-06-26 22:57:00,1769,132,19,6,79,13,6,0
670,"https://x.com/example/status/1670","フリーランスの働き方について実践してみた結果をまとめました #フリーランス #670",2026-06-28 22:48:00,1757,71,10,3,42,7,3,1
671,"https://x.com/example/status/1671","読書メモについて実践してみた結果をまとめました #React #671",2026-06-23 13:39:00,1127,81,12,4,48,8,4,2
672,"https://x.com/example/status/1672","React開発のTipsについて実践してみた結果をまとめました #プログラミング #672",2026-06-06 16:33:00,953,31,4,1,18,3,1,0
673,"https://x.com/example/status/1673","TypeScriptの型テクニックについて実践してみた結果をまとめました #副業 #673",2026-06-14 20:35:00,809,49,7,2,29,4,2,1
674,"https://x.com/example/status/1674","副業の始め方について実践してみた結果をまとめました #朝活 #674",2026-06-01 01:58:00,1666,27,4,1,16,2,1,0
675,"https://x.com/example/status/1675","Xでの発信術について実践してみた結果をまとめました #AI #675",2026-06-05 13:19:00,462,40,6,2,24,4,2,4
676,"https://x.com/example/status/1676","朝活の習慣化について実践してみた結果をまとめました #フリーランス #676",2026-06-07 17:43:00,439,30,4,1,18,3,1,1
677,"https://x.com/example/status/1677","AIツール活用法について実践してみた結果をまとめました #React #677",2026-06-14 04:17:00,4174,192,28,9,115,19,9,2
678,"https://x.com/example/status/1678","フリーランスの働き方について実践してみた結果をまとめました #プログラミング #678",2026-06-07 04:17:00,4710,431,64,21,258,43,21,3
679,"https://x.com/example/status/1679","読書メモについて実践してみた結果をまとめました #副業 #679",2026-06-08 14:20:00,4017,518,77,25,310,51,25,3
680,"https://x.com/example/status/1680","React開発のTipsについて実践してみた結果をまとめました #朝活 #680",2026-06-24 23:08:00,5193,172,25,8,103,17,8,0
681,"https://x.com/example/status/1681","TypeScriptの型テクニックについて実践してみた結果をまとめました #AI #681",2026-06-04 18:52:00,4357,269,40,13,161,26,13,3
682,"https://x.com/example/status/1682","副業の始め方について実践してみた結果をまとめました #フリーランス #682",2026-06-19 01:59:00,207,15,2,0,9,1,0,2
683,"https://x.com/example/status/1683","Xでの発信術について実践してみた結果をまとめました #React #683",2026-06-15 19:10:00,1616,63,9,3,37,6,3,4
684,"https://x.com/example/status/1684","朝活の習慣化について実践してみた結果をまとめました #プログラミング #684",2026-06-24 00:15:00,986,38,5,1,22,3,1,1
685,"https://x.com/example/status/1685","AIツール活用法について実践してみた結果をまとめました #副業 #685",2026-06-24 20:27:00,1827,170,25,8,102,17,8,3
686,"https://x.com/example/status/1686","フリーランスの働き方について実践してみた結果をまとめました #朝活 #686",2026-06-19 10:09:00,3018,223,33,11,133,22,11,1
687,"https://x.com/example/status/1687","読書メモについて実践してみた結果をまとめました #AI #687",2026-06-08 19:54:00,1596,158,23,7,94,15,7,2
688,"https://x.com/example/status/1688","React開発のTipsについて実践してみた結果をまとめました #フリーランス #688",2026-06-18 20:43:00,546,19,2,0,11,1,0,0
689,"https://x.com/example/status/1689","TypeScriptの型テクニックについて実践してみた結果をまとめました #React #689",2026-06-16 04:40:00,3312,273,40,13,163,27,13,0
690,"https://x.com/example/status/1690","副業の始め方について実践してみた結果をまとめました #プログラミング #690",2026-06-21 09:04:00,4695,255,38,12,153,25,12,2
691,"https://x.com/example/status/1691","Xでの発信術について実践してみた結果をまとめました #副業 #691",2026-06-03 03:09:00,3669,296,44,14,177,29,14,4
692,"https://x.com/example/status/1692","朝活の習慣化について実践してみた結果をまとめました #朝活 #692",2026-06-21 07:50:00,4941,485,72,24,291,48,24,3
693,"https://x.com/example/status/1693","AIツール活用法について実践してみた結果をまとめました #AI #693",2026-06-20 22:37:00,3912,303,45,15,181,30,15,0
694,"https://x.com/example/status/1694","フリーランスの働き方について実践してみた結果をまとめました #フリーランス #694",2026-06-28 10:25:00,1002,35,5,1,21,3,1,4
695,"https://x.com/example/status/1695","読書メモについて実践してみた結果をまとめました #React #695",2026-06-19 07:02:00,824,27,4,1,16,2,1,1
696,"https://x.com/example/status/1696","React開発のTipsについて実践してみた結果をまとめました #プログラミング #696",2026-06-08 18:21:00,2434,59,8,2,35,5,2,0
697,"https://x.com/example/status/1697","TypeScriptの型テクニックについて実践してみた結果をまとめました #副業 #697",2026-06-20 23:36:00,4521,474,71,23,284,47,23,0
698,"https://x.com/example/status/1698","副業の始め方について実践してみた結果をまとめました #朝活 #698",2026-06-28 12:43:00,1417,93,13,4,55,9,4,4
699,"https://x.com/example/status/1699","Xでの発信術について実践してみた結果をまとめました #AI #699",2026-06-23 20:15:00,4804,268,40,13,160,26,13,1
700,"https://x.com/example/status/1700","朝活の習慣化について実践してみた結果をまとめました #フリーランス #700",2026-06-14 21:51:00,4489,561,84,28,336,56,28,2
701,"https://x.com/example/status/1701","AIツール活用法について実践してみた結果をまとめました #React #701",2026-06-01 20:50:00,1787,131,19,6,78,13,6,0
702,"https://x.com/example/status/1702","フリーランスの働き方について実践してみた結果をまとめました #プログラミング #702",2026-06-15 11:07:00,3921,149,22,7,89,14,7,0
703,"https://x.com/example/status/1703","読書メモについて実践してみた結果をまとめました #副業 #703",2026-06-05 14:47:00,1489,53,7,2,31,5,2,2
704,"https://x.com/example/status/1704","React開発のTipsについて実践してみた結果をまとめました #朝活 #704",2026-06-20 18:14:00,1618,186,27,9,111,18,9,0
705,"https://x.com/example/status/1705","TypeScriptの型テクニックについて実践してみた結果をまとめました #AI #705",2026-06-06 04:48:00,2482,247,37,12,148,24,12,1
706,"https://x.com/example/status/1706","副業の始め方について実践してみた結果をまとめました #フリーランス #706",2026-06-05 04:41:00,1635,157,23,7,94,15,7,0
707,"https://x.com/example/status/1707","Xでの発信術について実践してみた結果をまとめました #React #707",2026-06-14 16:10:00,3578,120,18,6,72,12,6,4
708,"https://x.com/example/status/1708","朝活の習慣化について実践してみた結果をまとめました #プログラミング #708",2026-06-27 17:21:00,1498,76,11,3,45,7,3,4
709,"https://x.com/example/status/1709","AIツール活用法について実践してみた結果をまとめました #副業 #709",2026-06-03 07:00:00,3754,161,24,8,96,16,8,0
710,"https://x.com/example/status/1710","フリーランスの働き方について実践してみた結果をまとめました #朝活 #710",2026-06-26 06:13:00,2957,124,18,6,74,12,6,2
711,"https://x.com/example/status/1711","読書メモについて実践してみた結果をまとめました #AI #711",2026-06-11 17:19:00,3928,265,39,13,159,26,13,0
712,"https://x.com/example/status/1712","React開発のTipsについて実践してみた結果をまとめました #フリーランス #712",2026-06-25 11:59:00,3893,491,73,24,294,49,24,4
713,"https://x.com/example/status/1713","TypeScriptの型テクニックについて実践してみた結果をまとめました #React #713",2026-06-01 07:14:00,656,12,1,0,7,1,0,1
714,"https://x.com/example/status/1714","副業の始め方について実践してみた結果をまとめました #プログラミング #714",2026-06-17 00:55:00,243,14,2,0,8,1,0,0
715,"https://x.com/example/status/1715","Xでの発信術について実践してみた結果をまとめました #副業 #715",2026-06-21 03:04:00,966,14,2,0,8,1,0,0
716,"https://x.com/example/status/1716","朝活の習慣化について実践してみた結果をまとめました #朝活 #716",2026-06-26 13:24:00,4718,253,37,12,151,25,12,3
717,"https://x.com/example/status/1717","AIツール活用法について実践してみた結果をまとめました #AI #717",2026-06-24 20:26:00,5149,394,59,19,236,39,19,4
718,"https://x.com/example/status/1718","フリーランスの働き方について実践してみた結果をまとめました #フリーランス #718",2026-06-18 11:39:00,2705,77,11,3,46,7,3,3
719,"https://x.com/example/status/1719","読書メモについて実践してみた結果をまとめました #React #719",2026-06-27 15:23:00,925,64,9,3,38,6,3,1
720,"https://x.com/example/status/1720","React開発のTipsについて実践してみた結果をまとめました #プログラミング #720",2026-06-26 10:50:00,1353,77,11,3,46,7,3,3
721,"https://x.com/example/status/1721","TypeScriptの型テクニックについて実践してみた結果をまとめました #副業 #721",2026-06-14 10:57:00,1237,145,21,7,87,14,7,2
722,"https://x.com/example/status/1722","副業の始め方について実践してみた結果をまとめました #朝活 #722",2026-06-16 03:53:00,695,22,3,1,13,2,1,2
723,"https://x.com/example/status/1723","Xでの発信術について実践してみた結果をまとめました #AI #723",2026-06-04 20:04:00,1704,120,18,6,72,12,6,2
724,"https://x.com/example/status/1724","朝活の習慣化について実践してみた結果をまとめました #フリーランス #724",2026-06-25 01:29:00,1257,113,16,5,67,11,5,0
725,"https://x.com/example/status/1725","AIツール活用法について実践してみた結果をまとめました #React #725",2026-06-11 16:01:00,3688,411,61,20,246,41,20,1
726,"https://x.com/example/status/1726","フリーランスの働き方について実践してみた結果をまとめました #プログラミング #726",2026-06-16 06:27:00,3070,108,16,5,64,10,5,2
727,"https://x.com/example/status/1727","読書メモについて実践してみた結果をまとめました #副業 #727",2026-06-21 13:20:00,628,22,3,1,13,2,1,2
728,"https://x.com/example/status/1728","React開発のTipsについて実践してみた結果をまとめました #朝活 #728",2026-06-13 23:40:00,3999,490,73,24,294,49,24,2
729,"https://x.com/example/status/1729","TypeScriptの型テクニックについて実践してみた結果をまとめました #AI #729",2026-06-07 07:33:00,3379,166,24,8,99,16,8,4
730,"https://x.com/example/status/1730","副業の始め方について実践してみた結果をまとめました #フリーランス #730",2026-06-14 10:01:00,1506,65,9,3,39,6,3,1
731,"https://x.com/example/status/1731","Xでの発信術について実践してみた結果をまとめました #React #731",2026-06-10 19:34:00,2243,277,41,13,166,27,13,0
732,"https://x.com/example/status/1732","朝活の習慣化について実践してみた結果をまとめました #プログラミング #732",2026-06-25 22:56:00,2494,229,34,11,137,22,11,4
733,"https://x.com/example/status/1733","AIツール活用法について実践してみた結果をまとめました #副業 #733",2026-06-25 13:42:00,4827,268,40,13,160,26,13,2
734,"https://x.com/example/status/1734","フリーランスの働き方について実践してみた結果をまとめました #朝活 #734",2026-06-21 21:19:00,3435,47,7,2,28,4,2,2
735,"https://x.com/example/status/1735","読書メモについて実践してみた結果をまとめました #AI #735",2026-06-15 09:23:00,3298,279,41,13,167,27,13,0
736,"https://x.com/example/status/1736","React開発のTipsについて実践してみた結果をまとめました #フリーランス #736",2026-06-08 03:35:00,205,22,3,1,13,2,1,0
737,"https://x.com/example/status/1737","TypeScriptの型テクニックについて実践してみた結果をまとめました #React #737",2026-06-03 04:40:00,515,19,2,0,11,1,0,4
738,"https://x.com/example/status/1738","副業の始め方について実践してみた結果をまとめました #プログラミング #738",2026-06-20 09:09:00,2707,181,27,9,108,18,9,1
739,"https://x.com/example/status/1739","Xでの発信術について実践してみた結果をまとめました #副業 #739",2026-06-19 09:07:00,4686,217,32,10,130,21,10,1
740,"https://x.com/example/status/1740","朝活の習慣化について実践してみた結果をまとめました #朝活 #740",2026-06-07 10:05:00,2261,278,41,13,166,27,13,4
741,"https://x.com/example/status/1741","AIツール活用法について実践してみた結果をまとめました #AI #741",2026-06-08 13:42:00,3515,206,30,10,123,20,10,3
742,"https://x.com/example/status/1742","フリーランスの働き方について実践してみた結果をまとめました #フリーランス #742",2026-06-25 01:54:00,5118,567,85,28,340,56,28,4
743,"https://x.com/example/status/1743","読書メモについて実践してみた結果をまとめました #React #743",2026-06-26 11:20:00,4239,60,9,3,36,6,3,2
744,"https://x.com/example/status/1744","React開発のTipsについて実践してみた結果をまとめました #プログラミング #744",2026-06-21 05:30:00,1929,135,20,6,81,13,6,4
745,"https://x.com/example/status/1745","TypeScriptの型テクニックについて実践してみた結果をまとめました #副業 #745",2026-06-21 09:33:00,4256,427,64,21,256,42,21,2
746,"https://x.com/example/status/1746","副業の始め方について実践してみた結果をまとめました #朝活 #746",2026-06-25 02:02:00,4563,530,79,26,318,53,26,0
747,"https://x.com/example/status/1747","Xでの発信術について実践してみた結果をまとめました #AI #747",2026-06-28 18:31:00,4273,286,42,14,171,28,14,0
748,"https://x.com/example/status/1748","朝活の習慣化について実践してみた結果をまとめました #フリーランス #748",2026-06-26 02:09:00,2683,213,31,10,127,21,10,1
749,"https://x.com/example/status/1749","AIツール活用法について実践してみた結果をまとめました #React #749",2026-06-02 23:32:00,1712,203,30,10,121,20,10,0
750,"https://x.com/example/status/1750","フリーランスの働き方について実践してみた結果をまとめました #プログラミング #750",2026-06-19 17:58:00,1166,41,6,2,24,4,2,3
751,"https://x.com/example/status/1751","読書メモについて実践してみた結果をまとめました #副業 #751",2026-06-14 01:16:00,3200,271,40,13,162,27,13,2
752,"https://x.com/example/status/1752","React開発のTipsについて実践してみた結果をまとめました #朝活 #752",2026-06-22 22:04:00,891,90,13,4,54,9,4,4
753,"https://x.com/example/status/1753","TypeScriptの型テクニックについて実践してみた結果をまとめました #AI #753",2026-06-13 00:26:00,1185,42,6,2,25,4,2,2
754,"https://x.com/example/status/1754","副業の始め方について実践してみた結果をまとめました #フリーランス #754",2026-06-15 03:27:00,2296,153,22,7,91,15,7,1
755,"https://x.com/example/status/1755","Xでの発信術について実践してみた結果をまとめました #React #755",2026-06-13 05:57:00,1631,56,8,2,33,5,2,1
756,"https://x.com/example/status/1756","朝活の習慣化について実践してみた結果をまとめました #プログラミング #756",2026-06-26 11:20:00,1999,197,29,9,118,19,9,4
757,"https://x.com/example/status/1757","AIツール活用法について実践してみた結果をまとめました #副業 #757",2026-06-16 19:15:00,923,24,3,1,14,2,1,3
758,"https://x.com/example/status/1758","フリーランスの働き方について実践してみた結果をまとめました #朝活 #758",2026-06-27 18:19:00,2985,265,39,13,159,26,13,3
759,"https://x.com/example/status/1759","読書メモについて実践してみた結果をまとめました #AI #759",2026-06-04 10:10:00,1797,63,9,3,37,6,3,0
760,"https://x.com/example/status/1760","React開発のTipsについて実践してみた結果をまとめました #フリーランス #760",2026-06-09 05:29:00,479,25,3,1,15,2,1,3
761,"https://x.com/example/status/1761","TypeScriptの型テクニックについて実践してみた結果をまとめました #React #761",2026-06-05 02:33:00,3364,304,45,15,182,30,15,3
762,"https://x.com/example/status/1762","副業の始め方について実践してみた結果をまとめました #プログラミング #762",2026-06-17 12:20:00,2863,246,36,12,147,24,12,0
763,"https://x.com/example/status/1763","Xでの発信術について実践してみた結果をまとめました #副業 #763",2026-06-12 21:38:00,4768,102,15,5,61,10,5,1
764,"https://x.com/example/status/1764","朝活の習慣化について実践してみた結果をまとめました #朝活 #764",2026-06-15 15:22:00,2097,126,18,6,75,12,6,3
765,"https://x.com/example/status/1765","AIツール活用法について実践してみた結果をまとめました #AI #765",2026-06-09 03:48:00,853,50,7,2,30,5,2,1
766,"https://x.com/example/status/1766","フリーランスの働き方について実践してみた結果をまとめました #フリーランス #766",2026-06-25 07:38:00,512,13,1,0,7,1,0,0
767,"https://x.com/example/status/1767","読書メモについて実践してみた結果をまとめました #React #767",2026-06-18 19:05:00,4819,538,80,26,322,53,26,2
768,"https://x.com/example/status/1768","React開発のTipsについて実践してみた結果をまとめました #プログラミング #768",2026-06-08 02:42:00,3229,70,10,3,42,7,3,0
769,"https://x.com/example/status/1769","TypeScriptの型テクニックについて実践してみた結果をまとめました #副業 #769",2026-06-19 01:35:00,537,27,4,1,16,2,1,2
770,"https://x.com/example/status/1770","副業の始め方について実践してみた結果をまとめました #朝活 #770",2026-06-01 08:07:00,1804,166,24,8,99,16,8,1
771,"https://x.com/example/status/1771","Xでの発信術について実践してみた結果をまとめました #AI #771",2026-06-27 19:58:00,4992,396,59,19,237,39,19,1
772,"https://x.com/example/status/1772","朝活の習慣化について実践してみた結果をまとめました #フリーランス #772",2026-06-22 09:55:00,3676,131,19,6,78,13,6,3
773,"https://x.com/example/status/1773","AIツール活用法について実践してみた結果をまとめました #React #773",2026-06-14 11:07:00,3719,51,7,2,30,5,2,3
774,"https://x.com/example/status/1774","フリーランスの働き方について実践してみた結果をまとめました #プログラミング #774",2026-06-02 22:13:00,1194,138,20,6,82,13,6,0
775,"https://x.com/example/status/1775","読書メモについて実践してみた結果をまとめました #副業 #775",2026-06-20 19:07:00,966,96,14,4,57,9,4,0
776,"https://x.com/example/status/1776","React開発のTipsについて実践してみた結果をまとめました #朝活 #776",2026-06-28 06:06:00,404,32,4,1,19,3,1,3
777,"https://x.com/example/status/1777","TypeScriptの型テクニックについて実践してみた結果をまとめました #AI #777",2026-06-24 20:23:00,3558,416,62,20,249,41,20,3
778,"https://x.com/example/status/1778","副業の始め方について実践してみた結果をまとめました #フリーランス #778",2026-06-19 19:42:00,214,12,1,0,7,1,0,0
779,"https://x.com/example/status/1779","Xでの発信術について実践してみた結果をまとめました #React #779",2026-06-11 21:09:00,3150,214,32,10,128,21,10,4
780,"https://x.com/example/status/1780","朝活の習慣化について実践してみた結果をまとめました #プログラミング #780",2026-06-26 23:35:00,2064,95,14,4,57,9,4,3
781,"https://x.com/example/status/1781","AIツール活用法について実践してみた結果をまとめました #副業 #781",2026-06-27 11:02:00,662,78,11,3,46,7,3,0
782,"https://x.com/example/status/1782","フリーランスの働き方について実践してみた結果をまとめました #朝活 #782",2026-06-21 19:02:00,1764,30,4,1,18,3,1,4
783,"https://x.com/example/status/1783","読書メモについて実践してみた結果をまとめました #AI #783",2026-06-17 13:20:00,4808,444,66,22,266,44,22,1
784,"https://x.com/example/status/1784","React開発のTipsについて実践してみた結果をまとめました #フリーランス #784",2026-06-12 03:07:00,5197,434,65,21,260,43,21,2
785,"https://x.com/example/status/1785","TypeScriptの型テクニックについて実践してみた結果をまとめました #React #785",2026-06-20 16:11:00,1585,144,21,7,86,14,7,0
786,"https://x.com/example/status/1786","副業の始め方について実践してみた結果をまとめました #プログラミング #786",2026-06-27 21:13:00,2455,313,46,15,187,31,15,2
787,"https://x.com/example/status/1787","Xでの発信術について実践してみた結果をまとめました #副業 #787",2026-06-26 06:12:00,4862,433,64,21,259,43,21,4
788,"https://x.com/example/status/1788","朝活の習慣化について実践してみた結果をまとめました #朝活 #788",2026-06-24 20:09:00,2399,247,37,12,148,24,12,1
789,"https://x.com/example/status/1789","AIツール活用法について実践してみた結果をまとめました #AI #789",2026-06-05 16:47:00,4574,307,46,15,184,30,15,1
790,"https://x.com/example/status/1790","フリーランスの働き方について実践してみた結果をまとめました #フリーランス #790",2026-06-09 04:34:00,4603,357,53,17,214,35,17,2
791,"https://x.com/example/status/1791","読書メモについて実践してみた結果をまとめました #React #791",2026-06-18 14:59:00,2910,180,27,9,108,18,9,0
792,"https://x.com/example/status/1792","React開発のTipsについて実践してみた結果をまとめました #プログラミング #792",2026-06-28 12:15:00,5101,461,69,23,276,46,23,1
793,"https://x.com/example/status/1793","TypeScriptの型テクニックについて実践してみた結果をまとめました #副業 #793",2026-06-17 08:46:00,4887,68,10,3,40,6,3,3
794,"https://x.com/example/status/1794","副業の始め方について実践してみた結果をまとめました #朝活 #794",2026-06-25 02:31:00,998,22,3,1,13,2,1,3
795,"https://x.com/example/status/1795","Xでの発信術について実践してみた結果をまとめました #AI #795",2026-06-27 19:33:00,645,7,1,0,4,0,0,4
796,"https://x.com/example/status/1796","朝活の習慣化について実践してみた結果をまとめました #フリーランス #796",2026-06-05 21:29:00,4614,379,56,18,227,37,18,3
797,"https://x.com/example/status/1797","AIツール活用法について実践してみた結果をまとめました #React #797",2026-06-19 00:14:00,5096,567,85,28,340,56,28,3
798,"https://x.com/example/status/1798","フリーランスの働き方について実践してみた結果をまとめました #プログラミング #798",2026-06-21 15:25:00,3239,407,61,20,244,40,20,4
799,"https://x.com/example/status/1799","読書メモについて実践してみた結果をまとめました #副業 #799",2026-06-13 08:24:00,1030,67,10,3,40,6,3,4
800,"https://x.com/example/status/1800","React開発のTipsについて実践してみた結果をまとめました #朝活 #800",2026-06-22 18:27:00,5061,490,73,24,294,49,24,2
801,"https://x.com/example/status/1801","TypeScriptの型テクニックについて実践してみた結果をまとめました #AI #801",2026-06-06 05:41:00,3243,221,33,11,132,22,11,3
802,"https://x.com/example/status/1802","副業の始め方について実践してみた結果をまとめました #フリーランス #802",2026-06-10 13:41:00,4618,110,16,5,66,11,5,2
803,"https://x.com/example/status/1803","Xでの発信術について実践してみた結果をまとめました #React #803",2026-06-07 22:19:00,3354,88,13,4,52,8,4,1
804,"https://x.com/example/status/1804","朝活の習慣化について実践してみた結果をまとめました #プログラミング #804",2026-06-28 03:54:00,1673,17,2,0,10,1,0,4
805,"https://x.com/example/status/1805","AIツール活用法について実践してみた結果をまとめました #副業 #805",2026-06-02 23:19:00,4902,329,49,16,197,32,16,3
806,"https://x.com/example/status/1806","フリーランスの働き方について実践してみた結果をまとめました #朝活 #806",2026-06-04 14:16:00,400,46,6,2,27,4,2,1
807,"https://x.com/example/status/1807","読書メモについて実践してみた結果をまとめました #AI #807",2026-06-24 23:09:00,219,18,2,0,10,1,0,3
808,"https://x.com/example/status/1808","React開発のTipsについて実践してみた結果をまとめました #フリーランス #808",2026-06-18 17:16:00,4426,188,28,9,112,18,9,1
809,"https://x.com/example/status/1809","TypeScriptの型テクニックについて実践してみた結果をまとめました #React #809",2026-06-17 14:45:00,3982,41,6,2,24,4,2,4
810,"https://x.com/example/status/1810","副業の始め方について実践してみた結果をまとめました #プログラミング #810",2026-06-26 21:15:00,3435,101,15,5,60,10,5,1
811,"https://x.com/example/status/1811","Xでの発信術について実践してみた結果をまとめました #副業 #811",2026-06-13 12:44:00,4502,95,14,4,57,9,4,4
812,"https://x.com/example/status/1812","朝活の習慣化について実践してみた結果をまとめました #朝活 #812",2026-06-16 10:07:00,2606,83,12,4,49,8,4,0
813,"https://x.com/example/status/1813","AIツール活用法について実践してみた結果をまとめました #AI #813",2026-06-09 13:50:00,2414,272,40,13,163,27,13,0
814,"https://x.com/example/status/1814","フリーランスの働き方について実践してみた結果をまとめました #フリーランス #814",2026-06-27 03:20:00,806,49,7,2,29,4,2,3
815,"https://x.com/example/status/1815","読書メモについて実践してみた結果をまとめました #React #815",2026-06-16 04:38:00,4654,119,17,5,71,11,5,0
816,"https://x.com/example/status/1816","React開発のTipsについて実践してみた結果をまとめました #プログラミング #816",2026-06-20 20:47:00,1458,90,13,4,54,9,4,1
817,"https://x.com/example/status/1817","TypeScriptの型テクニックについて実践してみた結果をまとめました #副業 #817",2026-06-01 17:42:00,2587,319,47,15,191,31,15,3
818,"https://x.com/example/status/1818","副業の始め方について実践してみた結果をまとめました #朝活 #818",2026-06-28 19:26:00,1705,54,8,2,32,5,2,2
819,"https://x.com/example/status/1819","Xでの発信術について実践してみた結果をまとめました #AI #819",2026-06-02 19:31:00,2938,108,16,5,64,10,5,3
820,"https://x.com/example/status/1820","朝活の習慣化について実践してみた結果をまとめました #フリーランス #820",2026-06-14 09:07:00,3391,86,12,4,51,8,4,4
821,"https://x.com/example/status/1821","AIツール活用法について実践してみた結果をまとめました #React #821",2026-06-05 22:47:00,2427,166,24,8,99,16,8,1
822,"https://x.com/example/status/1822","フリーランスの働き方について実践してみた結果をまとめました #プログラミング #822",2026-06-07 20:00:00,2667,304,45,15,182,30,15,0
823,"https://x.com/example/status/1823","読書メモについて実践してみた結果をまとめました #副業 #823",2026-06-10 05:51:00,4439,545,81,27,327,54,27,1
824,"https://x.com/example/status/1824","React開発のTipsについて実践してみた結果をまとめました #朝活 #824",2026-06-05 21:20:00,4115,111,16,5,66,11,5,3
825,"https://x.com/example/status/1825","TypeScriptの型テクニックについて実践してみた結果をまとめました #AI #825",2026-06-04 22:35:00,1422,111,16,5,66,11,5,3
826,"https://x.com/example/status/1826","副業の始め方について実践してみた結果をまとめました #フリーランス #826",2026-06-09 02:43:00,3060,191,28,9,114,19,9,1
827,"https://x.com/example/status/1827","Xでの発信術について実践してみた結果をまとめました #React #827",2026-06-24 10:15:00,4951,87,13,4,52,8,4,3
828,"https://x.com/example/status/1828","朝活の習慣化について実践してみた結果をまとめました #プログラミング #828",2026-06-19 09:05:00,4630,183,27,9,109,18,9,3
829,"https://x.com/example/status/1829","AIツール活用法について実践してみた結果をまとめました #副業 #829",2026-06-27 21:31:00,1972,107,16,5,64,10,5,1
830,"https://x.com/example/status/1830","フリーランスの働き方について実践してみた結果をまとめました #朝活 #830",2026-06-15 03:10:00,1530,188,28,9,112,18,9,2
831,"https://x.com/example/status/1831","読書メモについて実践してみた結果をまとめました #AI #831",2026-06-18 23:09:00,1369,90,13,4,54,9,4,3
832,"https://x.com/example/status/1832","React開発のTipsについて実践してみた結果をまとめました #フリーランス #832",2026-06-23 04:49:00,3018,176,26,8,105,17,8,2
833,"https://x.com/example/status/1833","TypeScriptの型テクニックについて実践してみた結果をまとめました #React #833",2026-06-27 09:48:00,1649,31,4,1,18,3,1,3
834,"https://x.com/example/status/1834","副業の始め方について実践してみた結果をまとめました #プログラミング #834",2026-06-04 18:31:00,3345,404,60,20,242,40,20,4
835,"https://x.com/example/status/1835","Xでの発信術について実践してみた結果をまとめました #副業 #835",2026-06-05 05:29:00,4714,266,39,13,159,26,13,4
836,"https://x.com/example/status/1836","朝活の習慣化について実践してみた結果をまとめました #朝活 #836",2026-06-20 15:38:00,4894,484,72,24,290,48,24,0
837,"https://x.com/example/status/1837","AIツール活用法について実践してみた結果をまとめました #AI #837",2026-06-02 07:04:00,4423,365,54,18,219,36,18,4
838,"https://x.com/example/status/1838","フリーランスの働き方について実践してみた結果をまとめました #フリーランス #838",2026-06-06 02:45:00,879,12,1,0,7,1,0,2
839,"https://x.com/example/status/1839","読書メモについて実践してみた結果をまとめました #React #839",2026-06-06 22:50:00,1058,79,11,3,47,7,3,2
840,"https://x.com/example/status/1840","React開発のTipsについて実践してみた結果をまとめました #プログラミング #840",2026-06-07 07:24:00,1031,21,3,1,12,2,1,0
841,"https://x.com/example/status/1841","TypeScriptの型テクニックについて実践してみた結果をまとめました #副業 #841",2026-06-09 18:41:00,3798,329,49,16,197,32,16,1
842,"https://x.com/example/status/1842","副業の始め方について実践してみた結果をまとめました #朝活 #842",2026-06-10 18:12:00,2626,306,45,15,183,30,15,3
843,"https://x.com/example/status/1843","Xでの発信術について実践してみた結果をまとめました #AI #843",2026-06-11 18:16:00,1465,102,15,5,61,10,5,4
844,"https://x.com/example/status/1844","朝活の習慣化について実践してみた結果をまとめました #フリーランス #844",2026-06-03 01:04:00,904,15,2,0,9,1,0,4
845,"https://x.com/example/status/1845","AIツール活用法について実践してみた結果をまとめました #React #845",2026-06-26 15:13:00,2665,300,45,15,180,30,15,1
846,"https://x.com/example/status/1846","フリーランスの働き方について実践してみた結果をまとめました #プログラミング #846",2026-06-26 02:14:00,2502,249,37,12,149,24,12,4
847,"https://x.com/example/status/1847","読書メモについて実践してみた結果をまとめました #副業 #847",2026-06-03 09:51:00,4204,129,19,6,77,12,6,1
848,"https://x.com/example/status/1848","React開発のTipsについて実践してみた結果をまとめました #朝活 #848",2026-06-27 12:26:00,3475,226,33,11,135,22,11,4
849,"https://x.com/example/status/1849","TypeScriptの型テクニックについて実践してみた結果をまとめました #AI #849",2026-06-14 14:04:00,1598,153,22,7,91,15,7,0
850,"https://x.com/example/status/1850","副業の始め方について実践してみた結果をまとめました #フリーランス #850",2026-06-11 04:32:00,4525,59,8,2,35,5,2,1
851,"https://x.com/example/status/1851","Xでの発信術について実践してみた結果をまとめました #React #851",2026-06-13 03:45:00,4714,364,54,18,218,36,18,2
852,"https://x.com/example/status/1852","朝活の習慣化について実践してみた結果をまとめました #プログラミング #852",2026-06-13 15:22:00,812,31,4,1,18,3,1,0
853,"https://x.com/example/status/1853","AIツール活用法について実践してみた結果をまとめました #副業 #853",2026-06-01 11:23:00,4219,139,20,6,83,13,6,1
854,"https://x.com/example/status/1854","フリーランスの働き方について実践してみた結果をまとめました #朝活 #854",2026-06-07 13:04:00,1833,41,6,2,24,4,2,0
855,"https://x.com/example/status/1855","読書メモについて実践してみた結果をまとめました #AI #855",2026-06-06 02:26:00,1854,171,25,8,102,17,8,3
856,"https://x.com/example/status/1856","React開発のTipsについて実践してみた結果をまとめました #フリーランス #856",2026-06-21 01:57:00,2058,122,18,6,73,12,6,3
857,"https://x.com/example/status/1857","TypeScriptの型テクニックについて実践してみた結果をまとめました #React #857",2026-06-25 12:46:00,3120,347,52,17,208,34,17,1
858,"https://x.com/example/status/1858","副業の始め方について実践してみた結果をまとめました #プログラミング #858",2026-06-26 20:03:00,217,21,3,1,12,2,1,3
859,"https://x.com/example/status/1859","Xでの発信術について実践してみた結果をまとめました #副業 #859",2026-06-23 01:35:00,4694,69,10,3,41,6,3,3
860,"https://x.com/example/status/1860","朝活の習慣化について実践してみた結果をまとめました #朝活 #860",2026-06-16 01:00:00,869,48,7,2,28,4,2,0
861,"https://x.com/example/status/1861","AIツール活用法について実践してみた結果をまとめました #AI #861",2026-06-26 03:06:00,2092,140,21,7,84,14,7,0
862,"https://x.com/example/status/1862","フリーランスの働き方について実践してみた結果をまとめました #フリーランス #862",2026-06-27 04:44:00,3526,333,49,16,199,33,16,0
863,"https://x.com/example/status/1863","読書メモについて実践してみた結果をまとめました #React #863",2026-06-01 10:15:00,4852,248,37,12,148,24,12,4
864,"https://x.com/example/status/1864","React開発のTipsについて実践してみた結果をまとめました #プログラミング #864",2026-06-21 23:23:00,1243,82,12,4,49,8,4,3
865,"https://x.com/example/status/1865","TypeScriptの型テクニックについて実践してみた結果をまとめました #副業 #865",2026-06-14 15:35:00,4990,593,88,29,355,59,29,4
866,"https://x.com/example/status/1866","副業の始め方について実践してみた結果をまとめました #朝活 #866",2026-06-03 09:39:00,1682,186,27,9,111,18,9,4
867,"https://x.com/example/status/1867","Xでの発信術について実践してみた結果をまとめました #AI #867",2026-06-26 00:32:00,5053,461,69,23,276,46,23,1
868,"https://x.com/example/status/1868","朝活の習慣化について実践してみた結果をまとめました #フリーランス #868",2026-06-07 19:16:00,3282,372,55,18,223,37,18,3
869,"https://x.com/example/status/1869","AIツール活用法について実践してみた結果をまとめました #React #869",2026-06-19 00:30:00,1786,127,19,6,76,12,6,3
870,"https://x.com/example/status/1870","フリーランスの働き方について実践してみた結果をまとめました #プログラミング #870",2026-06-21 12:02:00,3421,101,15,5,60,10,5,1
871,"https://x.com/example/status/1871","読書メモについて実践してみた結果をまとめました #副業 #871",2026-06-25 06:00:00,2107,138,20,6,82,13,6,3
872,"https://x.com/example/status/1872","React開発のTipsについて実践してみた結果をまとめました #朝活 #872",2026-06-27 12:20:00,5024,512,76,25,307,51,25,2
873,"https://x.com/example/status/1873","TypeScriptの型テクニックについて実践してみた結果をまとめました #AI #873",2026-06-18 01:47:00,2734,108,16,5,64,10,5,3
874,"https://x.com/example/status/1874","副業の始め方について実践してみた結果をまとめました #フリーランス #874",2026-06-23 13:41:00,3808,130,19,6,78,13,6,1
875,"https://x.com/example/status/1875","Xでの発信術について実践してみた結果をまとめました #React #875",2026-06-09 00:37:00,4321,246,36,12,147,24,12,3
876,"https://x.com/example/status/1876","朝活の習慣化について実践してみた結果をまとめました #プログラミング #876",2026-06-17 14:59:00,3237,177,26,8,106,17,8,1
877,"https://x.com/example/status/1877","AIツール活用法について実践してみた結果をまとめました #副業 #877",2026-06-19 19:58:00,2207,78,11,3,46,7,3,3
878,"https://x.com/example/status/1878","フリーランスの働き方について実践してみた結果をまとめました #朝活 #878",2026-06-13 07:14:00,4576,431,64,21,258,43,21,0
879,"https://x.com/example/status/1879","読書メモについて実践してみた結果をまとめました #AI #879",2026-06-25 01:41:00,4855,555,83,27,333,55,27,0
880,"https://x.com/example/status/1880","React開発のTipsについて実践してみた結果をまとめました #フリーランス #880",2026-06-21 16:57:00,3646,120,18,6,72,12,6,1
881,"https://x.com/example/status/1881","TypeScriptの型テクニックについて実践してみた結果をまとめました #React #881",2026-06-04 05:16:00,1232,148,22,7,88,14,7,0
882,"https://x.com/example/status/1882","副業の始め方について実践してみた結果をまとめました #プログラミング #882",2026-06-16 14:44:00,3460,78,11,3,46,7,3,4
883,"https://x.com/example/status/1883","Xでの発信術について実践してみた結果をまとめました #副業 #883",2026-06-22 10:48:00,1182,18,2,0,10,1,0,2
884,"https://x.com/example/status/1884","朝活の習慣化について実践してみた結果をまとめました #朝活 #884",2026-06-04 14:38:00,673,68,10,3,40,6,3,2
885,"https://x.com/example/status/1885","AIツール活用法について実践してみた結果をまとめました #AI #885",2026-06-07 10:52:00,995,19,2,0,11,1,0,4
886,"https://x.com/example/status/1886","フリーランスの働き方について実践してみた結果をまとめました #フリーランス #886",2026-06-07 12:23:00,4301,396,59,19,237,39,19,2
887,"https://x.com/example/status/1887","読書メモについて実践してみた結果をまとめました #React #887",2026-06-21 23:04:00,1626,83,12,4,49,8,4,2
888,"https://x.com/example/status/1888","React開発のTipsについて実践してみた結果をまとめました #プログラミング #888",2026-06-27 00:21:00,2205,184,27,9,110,18,9,0
889,"https://x.com/example/status/1889","TypeScriptの型テクニックについて実践してみた結果をまとめました #副業 #889",2026-06-04 12:45:00,3082,93,13,4,55,9,4,3
890,"https://x.com/example/status/1890","副業の始め方について実践してみた結果をまとめました #朝活 #890",2026-06-17 02:30:00,4645,264,39,13,158,26,13,1
891,"https://x.com/example/status/1891","Xでの発信術について実践してみた結果をまとめました #AI #891",2026-06-04 03:16:00,3462,446,66,22,267,44,22,4
892,"https://x.com/example/status/1892","朝活の習慣化について実践してみた結果をまとめました #フリーランス #892",2026-06-06 14:01:00,4529,488,73,24,292,48,24,4
893,"https://x.com/example/status/1893","AIツール活用法について実践してみた結果をまとめました #React #893",2026-06-20 06:48:00,4176,99,14,4,59,9,4,1
894,"https://x.com/example/status/1894","フリーランスの働き方について実践してみた結果をまとめました #プログラミング #894",2026-06-21 12:59:00,4430,196,29,9,117,19,9,1
895,"https://x.com/example/status/1895","読書メモについて実践してみた結果をまとめました #副業 #895",2026-06-11 02:50:00,922,63,9,3,37,6,3,0
896,"https://x.com/example/status/1896","React開発のTipsについて実践してみた結果をまとめました #朝活 #896",2026-06-11 07:14:00,2838,144,21,7,86,14,7,1
897,"https://x.com/example/status/1897","TypeScriptの型テクニックについて実践してみた結果をまとめました #AI #897",2026-06-05 23:00:00,340,23,3,1,13,2,1,3
898,"https://x.com/example/status/1898","副業の始め方について実践してみた結果をまとめました #フリーランス #898",2026-06-12 03:15:00,420,43,6,2,25,4,2,4
899,"https://x.com/example/status/1899","Xでの発信術について実践してみた結果をまとめました #React #899",2026-06-09 02:35:00,2592,78,11,3,46,7,3,1
900,"https://x.com/example/status/1900","朝活の習慣化について実践してみた結果をまとめました #プログラミング #900",2026-06-13 05:45:00,3692,158,23,7,94,15,7,0
901,"https://x.com/example/status/1901","AIツール活用法について実践してみた結果をまとめました #副業 #901",2026-06-03 15:07:00,888,96,14,4,57,9,4,0
902,"https://x.com/example/status/1902","フリーランスの働き方について実践してみた結果をまとめました #朝活 #902",2026-06-28 17:59:00,1139,124,18,6,74,12,6,4
903,"https://x.com/example/status/1903","読書メモについて実践してみた結果をまとめました #AI #903",2026-06-02 13:15:00,3259,358,53,17,214,35,17,0
904,"https://x.com/example/status/1904","React開発のTipsについて実践してみた結果をまとめました #フリーランス #904",2026-06-17 06:49:00,278,24,3,1,14,2,1,4
905,"https://x.com/example/status/1905","TypeScriptの型テクニックについて実践してみた結果をまとめました #React #905",2026-06-25 19:10:00,2365,93,13,4,55,9,4,0
906,"https://x.com/example/status/1906","副業の始め方について実践してみた結果をまとめました #プログラミング #906",2026-06-16 13:45:00,1999,164,24,8,98,16,8,0
907,"https://x.com/example/status/1907","Xでの発信術について実践してみた結果をまとめました #副業 #907",2026-06-23 00:21:00,2647,136,20,6,81,13,6,0
908,"https://x.com/example/status/1908","朝活の習慣化について実践してみた結果をまとめました #朝活 #908",2026-06-16 23:25:00,3360,158,23,7,94,15,7,2
909,"https://x.com/example/status/1909","AIツール活用法について実践してみた結果をまとめました #AI #909",2026-06-26 23:33:00,492,26,3,1,15,2,1,0
910,"https://x.com/example/status/1910","フリーランスの働き方について実践してみた結果をまとめました #フリーランス #910",2026-06-01 17:46:00,846,78,11,3,46,7,3,4
911,"https://x.com/example/status/1911","読書メモについて実践してみた結果をまとめました #React #911",2026-06-11 22:02:00,3605,151,22,7,90,15,7,1
912,"https://x.com/example/status/1912","React開発のTipsについて実践してみた結果をまとめました #プログラミング #912",2026-06-01 10:00:00,2322,127,19,6,76,12,6,3
913,"https://x.com/example/status/1913","TypeScriptの型テクニックについて実践してみた結果をまとめました #副業 #913",2026-06-21 09:31:00,2900,137,20,6,82,13,6,0
914,"https://x.com/example/status/1914","副業の始め方について実践してみた結果をまとめました #朝活 #914",2026-06-24 01:48:00,3459,340,51,17,204,34,17,4
915,"https://x.com/example/status/1915","Xでの発信術について実践してみた結果をまとめました #AI #915",2026-06-27 18:23:00,2681,246,36,12,147,24,12,0
916,"https://x.com/example/status/1916","朝活の習慣化について実践してみた結果をまとめました #フリーランス #916",2026-06-15 08:22:00,3644,385,57,19,231,38,19,0
917,"https://x.com/example/status/1917","AIツール活用法について実践してみた結果をまとめました #React #917",2026-06-18 16:05:00,887,81,12,4,48,8,4,0
918,"https://x.com/example/status/1918","フリーランスの働き方について実践してみた結果をまとめました #プログラミング #918",2026-06-08 17:26:00,4071,360,54,18,216,36,18,2
919,"https://x.com/example/status/1919","読書メモについて実践してみた結果をまとめました #副業 #919",2026-06-09 11:27:00,3245,158,23,7,94,15,7,0
920,"https://x.com/example/status/1920","React開発のTipsについて実践してみた結果をまとめました #朝活 #920",2026-06-17 11:41:00,3459,426,63,21,255,42,21,4
921,"https://x.com/example/status/1921","TypeScriptの型テクニックについて実践してみた結果をまとめました #AI #921",2026-06-21 16:39:00,1168,93,13,4,55,9,4,2
922,"https://x.com/example/status/1922","副業の始め方について実践してみた結果をまとめました #フリーランス #922",2026-06-21 14:09:00,2189,257,38,12,154,25,12,0
923,"https://x.com/example/status/1923","Xでの発信術について実践してみた結果をまとめました #React #923",2026-06-11 23:35:00,3042,182,27,9,109,18,9,4
924,"https://x.com/example/status/1924","朝活の習慣化について実践してみた結果をまとめました #プログラミング #924",2026-06-01 01:32:00,5182,407,61,20,244,40,20,1
925,"https://x.com/example/status/1925","AIツール活用法について実践してみた結果をまとめました #副業 #925",2026-06-26 01:06:00,681,55,8,2,33,5,2,0
926,"https://x.com/example/status/1926","フリーランスの働き方について実践してみた結果をまとめました #朝活 #926",2026-06-16 04:04:00,1306,66,9,3,39,6,3,4
927,"https://x.com/example/status/1927","読書メモについて実践してみた結果をまとめました #AI #927",2026-06-28 23:40:00,2478,180,27,9,108,18,9,0
928,"https://x.com/example/status/1928","React開発のTipsについて実践してみた結果をまとめました #フリーランス #928",2026-06-01 07:42:00,3508,352,52,17,211,35,17,2
929,"https://x.com/example/status/1929","TypeScriptの型テクニックについて実践してみた結果をまとめました #React #929",2026-06-12 01:25:00,3406,157,23,7,94,15,7,0
930,"https://x.com/example/status/1930","副業の始め方について実践してみた結果をまとめました #プログラミング #930",2026-06-13 21:02:00,4969,577,86,28,346,57,28,0
931,"https://x.com/example/status/1931","Xでの発信術について実践してみた結果をまとめました #副業 #931",2026-06-13 02:04:00,3237,190,28,9,114,19,9,3
932,"https://x.com/example/status/1932","朝活の習慣化について実践してみた結果をまとめました #朝活 #932",2026-06-14 13:17:00,5019,172,25,8,103,17,8,0
933,"https://x.com/example/status/1933","AIツール活用法について実践してみた結果をまとめました #AI #933",2026-06-06 17:40:00,1969,195,29,9,117,19,9,0
934,"https://x.com/example/status/1934","フリーランスの働き方について実践してみた結果をまとめました #フリーランス #934",2026-06-14 10:50:00,4703,545,81,27,327,54,27,3
935,"https://x.com/example/status/1935","読書メモについて実践してみた結果をまとめました #React #935",2026-06-22 19:13:00,1281,75,11,3,45,7,3,4
936,"https://x.com/example/status/1936","React開発のTipsについて実践してみた結果をまとめました #プログラミング #936",2026-06-20 12:32:00,928,18,2,0,10,1,0,3
937,"https://x.com/example/status/1937","TypeScriptの型テクニックについて実践してみた結果をまとめました #副業 #937",2026-06-11 22:50:00,2407,268,40,13,160,26,13,2
938,"https://x.com/example/status/1938","副業の始め方について実践してみた結果をまとめました #朝活 #938",2026-06-19 10:30:00,3370,437,65,21,262,43,21,0
939,"https://x.com/example/status/1939","Xでの発信術について実践してみた結果をまとめました #AI #939",2026-06-22 07:50:00,3858,310,46,15,186,31,15,3
940,"https://x.com/example/status/1940","朝活の習慣化について実践してみた結果をまとめました #フリーランス #940",2026-06-01 18:11:00,968,96,14,4,57,9,4,0
941,"https://x.com/example/status/1941","AIツール活用法について実践してみた結果をまとめました #React #941",2026-06-26 14:03:00,1490,86,12,4,51,8,4,0
942,"https://x.com/example/status/1942","フリーランスの働き方について実践してみた結果をまとめました #プログラミング #942",2026-06-16 13:48:00,1881,211,31,10,126,21,10,1
943,"https://x.com/example/status/1943","読書メモについて実践してみた結果をまとめました #副業 #943",2026-06-14 07:04:00,4615,125,18,6,75,12,6,0
944,"https://x.com/example/status/1944","React開発のTipsについて実践してみた結果をまとめました #朝活 #944",2026-06-03 22:55:00,2656,34,5,1,20,3,1,2
945,"https://x.com/example/status/1945","TypeScriptの型テクニックについて実践してみた結果をまとめました #AI #945",2026-06-10 19:47:00,995,76,11,3,45,7,3,1
946,"https://x.com/example/status/1946","副業の始め方について実践してみた結果をまとめました #フリーランス #946",2026-06-28 18:06:00,2934,70,10,3,42,7,3,1
947,"https://x.com/example/status/1947","Xでの発信術について実践してみた結果をまとめました #React #947",2026-06-10 07:08:00,3389,304,45,15,182,30,15,3
948,"https://x.com/example/status/1948","朝活の習慣化について実践してみた結果をまとめました #プログラミング #948",2026-06-05 20:10:00,327,4,0,0,2,0,0,4
949,"https://x.com/example/status/1949","AIツール活用法について実践してみた結果をまとめました #副業 #949",2026-06-12 23:31:00,1004,75,11,3,45,7,3,2
950,"https://x.com/example/status/1950","フリーランスの働き方について実践してみた結果をまとめました #朝活 #950",2026-06-02 15:10:00,1819,61,9,3,36,6,3,0
951,"https://x.com/example/status/1951","読書メモについて実践してみた結果をまとめました #AI #951",2026-06-20 21:45:00,1029,66,9,3,39,6,3,1
952,"https://x.com/example/status/1952","React開発のTipsについて実践してみた結果をまとめました #フリーランス #952",2026-06-24 16:38:00,437,54,8,2,32,5,2,4
953,"https://x.com/example/status/1953","TypeScriptの型テクニックについて実践してみた結果をまとめました #React #953",2026-06-14 06:51:00,2146,252,37,12,151,25,12,2
954,"https://x.com/example/status/1954","副業の始め方について実践してみた結果をまとめました #プログラミング #954",2026-06-02 14:08:00,1905,36,5,1,21,3,1,3
955,"https://x.com/example/status/1955","Xでの発信術について実践してみた結果をまとめました #副業 #955",2026-06-13 11:03:00,3546,383,57,19,229,38,19,2
956,"https://x.com/example/status/1956","朝活の習慣化について実践してみた結果をまとめました #朝活 #956",2026-06-22 01:53:00,367,37,5,1,22,3,1,2
957,"https://x.com/example/status/1957","AIツール活用法について実践してみた結果をまとめました #AI #957",2026-06-24 01:49:00,1944,227,34,11,136,22,11,2
958,"https://x.com/example/status/1958","フリーランスの働き方について実践してみた結果をまとめました #フリーランス #958",2026-06-12 23:38:00,1741,180,27,9,108,18,9,3
959,"https://x.com/example/status/1959","読書メモについて実践してみた結果をまとめました #React #959",2026-06-04 15:30:00,1846,171,25,8,102,17,8,0
960,"https://x.com/example/status/1960","React開発のTipsについて実践してみた結果をまとめました #プログラミング #960",2026-06-12 14:10:00,5060,437,65,21,262,43,21,1
961,"https://x.com/example/status/1961","TypeScriptの型テクニックについて実践してみた結果をまとめました #副業 #961",2026-06-07 03:25:00,816,61,9,3,36,6,3,3
962,"https://x.com/example/status/1962","副業の始め方について実践してみた結果をまとめました #朝活 #962",2026-06-06 15:42:00,4322,365,54,18,219,36,18,2
963,"https://x.com/example/status/1963","Xでの発信術について実践してみた結果をまとめました #AI #963",2026-06-26 02:13:00,2390,106,15,5,63,10,5,3
964,"https://x.com/example/status/1964","朝活の習慣化について実践してみた結果をまとめました #フリーランス #964",2026-06-11 05:27:00,1180,22,3,1,13,2,1,0
965,"https://x.com/example/status/1965","AIツール活用法について実践してみた結果をまとめました #React #965",2026-06-16 17:48:00,3934,42,6,2,25,4,2,3
966,"https://x.com/example/status/1966","フリーランスの働き方について実践してみた結果をまとめました #プログラミング #966",2026-06-10 06:45:00,2538,50,7,2,30,5,2,2
967,"https://x.com/example/status/1967","読書メモについて実践してみた結果をまとめました #副業 #967",2026-06-13 18:19:00,1517,112,16,5,67,11,5,4
968,"https://x.com/example/status/1968","React開発のTipsについて実践してみた結果をまとめました #朝活 #968",2026-06-20 21:20:00,4162,235,35,11,141,23,11,0
969,"https://x.com/example/status/1969","TypeScriptの型テクニックについて実践してみた結果をまとめました #AI #969",2026-06-10 15:23:00,1167,43,6,2,25,4,2,3
970,"https://x.com/example/status/1970","副業の始め方について実践してみた結果をまとめました #フリーランス #970",2026-06-21 10:43:00,3445,156,23,7,93,15,7,4
971,"https://x.com/example/status/1971","Xでの発信術について実践してみた結果をまとめました #React #971",2026-06-01 00:45:00,3299,399,59,19,239,39,19,3
972,"https://x.com/example/status/1972","朝活の習慣化について実践してみた結果をまとめました #プログラミング #972",2026-06-16 23:36:00,2209,213,31,10,127,21,10,4
973,"https://x.com/example/status/1973","AIツール活用法について実践してみた結果をまとめました #副業 #973",2026-06-25 14:08:00,4754,198,29,9,118,19,9,4
974,"https://x.com/example/status/1974","フリーランスの働き方について実践してみた結果をまとめました #朝活 #974",2026-06-27 19:08:00,698,53,7,2,31,5,2,4
975,"https://x.com/example/status/1975","読書メモについて実践してみた結果をまとめました #AI #975",2026-06-15 08:36:00,3565,330,49,16,198,33,16,0
976,"https://x.com/example/status/1976","React開発のTipsについて実践してみた結果をまとめました #フリーランス #976",2026-06-08 09:19:00,3744,168,25,8,100,16,8,1
977,"https://x.com/example/status/1977","TypeScriptの型テクニックについて実践してみた結果をまとめました #React #977",2026-06-25 22:31:00,3734,179,26,8,107,17,8,0
978,"https://x.com/example/status/1978","副業の始め方について実践してみた結果をまとめました #プログラミング #978",2026-06-10 07:37:00,2207,101,15,5,60,10,5,3
979,"https://x.com/example/status/1979","Xでの発信術について実践してみた結果をまとめました #副業 #979",2026-06-06 13:46:00,1539,95,14,4,57,9,4,2
980,"https://x.com/example/status/1980","朝活の習慣化について実践してみた結果をまとめました #朝活 #980",2026-06-27 18:01:00,2170,59,8,2,35,5,2,1
981,"https://x.com/example/status/1981","AIツール活用法について実践してみた結果をまとめました #AI #981",2026-06-28 05:10:00,1921,119,17,5,71,11,5,0
982,"https://x.com/example/status/1982","フリーランスの働き方について実践してみた結果をまとめました #フリーランス #982",2026-06-09 22:35:00,431,22,3,1,13,2,1,3
983,"https://x.com/example/status/1983","読書メモについて実践してみた結果をまとめました #React #983",2026-06-10 01:38:00,3995,414,62,20,248,41,20,0
984,"https://x.com/example/status/1984","React開発のTipsについて実践してみた結果をまとめました #プログラミング #984",2026-06-23 12:05:00,4761,287,43,14,172,28,14,3
985,"https://x.com/example/status/1985","TypeScriptの型テクニックについて実践してみた結果をまとめました #副業 #985",2026-06-09 01:39:00,2201,188,28,9,112,18,9,4
986,"https://x.com/example/status/1986","副業の始め方について実践してみた結果をまとめました #朝活 #986",2026-06-01 07:32:00,2036,81,12,4,48,8,4,3
987,"https://x.com/example/status/1987","Xでの発信術について実践してみた結果をまとめました #AI #987",2026-06-15 19:15:00,3881,189,28,9,113,18,9,4
988,"https://x.com/example/status/1988","朝活の習慣化について実践してみた結果をまとめました #フリーランス #988",2026-06-09 20:22:00,4856,281,42,14,168,28,14,4
989,"https://x.com/example/status/1989","AIツール活用法について実践してみた結果をまとめました #React #989",2026-06-15 11:18:00,580,59,8,2,35,5,2,4
990,"https://x.com/example/status/1990","フリーランスの働き方について実践してみた結果をまとめました #プログラミング #990",2026-06-28 09:03:00,2970,251,37,12,150,25,12,1
991,"https://x.com/example/status/1991","読書メモについて実践してみた結果をまとめました #副業 #991",2026-06-28 13:10:00,1121,13,1,0,7,1,0,4
992,"https://x.com/example/status/1992","React開発のTipsについて実践してみた結果をまとめました #朝活 #992",2026-06-24 19:29:00,3401,212,31,10,127,21,10,1
993,"https://x.com/example/status/1993","TypeScriptの型テクニックについて実践してみた結果をまとめました #AI #993",2026-06-19 21:11:00,1667,200,30,10,120,20,10,1
994,"https://x.com/example/status/1994","副業の始め方について実践してみた結果をまとめました #フリーランス #994",2026-06-15 20:06:00,2940,171,25,8,102,17,8,3
995,"https://x.com/example/status/1995","Xでの発信術について実践してみた結果をまとめました #React #995",2026-06-16 17:22:00,1558,171,25,8,102,17,8,1
996,"https://x.com/example/status/1996","朝活の習慣化について実践してみた結果をまとめました #プログラミング #996",2026-06-09 06:41:00,2334,166,24,8,99,16,8,3
997,"https://x.com/example/status/1997","AIツール活用法について実践してみた結果をまとめました #副業 #997",2026-06-14 19:34:00,3142,219,32,10,131,21,10,0
998,"https://x.com/example/status/1998","フリーランスの働き方について実践してみた結果をまとめました #朝活 #998",2026-06-23 01:57:00,296,9,1,0,5,0,0,2
999,"https://x.com/example/status/1999","読書メモについて実践してみた結果をまとめました #AI #999",2026-06-24 19:35:00,2065,183,27,9,109,18,9,2
1000,"https://x.com/example/status/2000","React開発のTipsについて実践してみた結果をまとめました #フリーランス #1000",2026-06-19 16:22:00,3381,299,44,14,179,29,14,1